,Comment,Sentiment
0,"- ‡∏Å‡∏•‡πâ‡∏≠‡∏á‡∏´‡∏•‡∏±‡∏á‡∏°‡∏µ‡∏õ‡∏±‡∏ç‡∏´‡∏≤ (‡∏°‡∏∑‡∏î‡∏Å‡∏ß‡πà‡∏≤‡∏õ‡∏Å‡∏ï‡∏¥ / ‡∏£‡∏ñ‡∏ç‡∏µ‡∏õ‡∏∏‡πà‡∏ô‡∏¢‡∏±‡∏á‡∏ä‡∏±‡∏î‡∏Å‡∏ß‡πà‡∏≤‡∏´‡∏•‡∏≤‡∏¢‡πÄ‡∏ó‡πà‡∏≤‡∏ï‡∏±‡∏ß) ‡πÅ‡∏•‡πâ‡∏ß‡∏¢‡∏±‡∏á‡πÑ‡∏°‡πà‡πÑ‡∏î‡πâ‡∏£‡∏±‡∏ö‡∏Å‡∏≤‡∏£‡πÅ‡∏Å‡πâ‡πÑ‡∏Ç
- ‡∏Ç‡πâ‡∏≠‡∏°‡∏π‡∏•‡∏Å‡∏≤‡∏£‡∏à‡∏±‡∏î‡πÑ‡∏ü‡πÅ‡∏ô‡∏ô‡∏ä‡πå ‡πÑ‡∏°‡πà‡∏°‡∏µ‡πÅ‡∏ô‡∏ö‡∏ó‡πâ‡∏≤‡∏¢‡∏°‡∏≤‡πÑ‡∏°‡πà‡πÉ‡∏´‡πâ‡πÉ‡∏ô‡∏Ç‡∏ì‡∏∞‡∏Å‡∏≤‡∏£‡∏à‡∏±‡∏î‡∏ó‡∏≥‡∏™‡∏±‡∏ç‡∏ç‡∏≤ ‡πÅ‡∏à‡πâ‡∏á‡∏ß‡πà‡∏≤‡πÄ‡∏õ‡πá‡∏ô‡∏´‡∏ô‡πâ‡∏≤‡∏ó‡∏µ‡πà‡∏Ç‡∏≠‡∏á‡πÑ‡∏ü‡πÅ‡∏ô‡∏ô‡∏ä‡πå‡∏à‡∏∞‡∏™‡πà‡∏á‡∏ï‡∏≤‡∏°‡∏´‡∏•‡∏±‡∏á ‡∏û‡∏≠‡∏¢‡∏≠‡∏î‡∏Å‡∏≤‡∏£‡∏ú‡πà‡∏≠‡∏ô‡∏à‡∏£‡∏¥‡∏á ‡πÅ‡∏û‡∏á‡∏Å‡∏ß‡πà‡∏≤‡∏ó‡∏µ‡πà ‡∏û‡∏ô‡∏±‡∏Å‡∏á‡∏≤‡∏ô‡∏Ç‡∏≤‡∏¢‡πÅ‡∏à‡πâ‡∏á (‡πÄ‡∏™‡∏µ‡∏¢‡∏Ñ‡∏ß‡∏≤‡∏°‡∏£‡∏π‡πâ‡∏™‡∏∂‡∏Å/‡πÄ‡∏´‡∏°‡∏∑‡∏≠‡∏ô‡πÇ‡∏î‡∏ô‡∏´‡∏•‡∏≠‡∏Å‡πÉ‡∏´‡πâ‡∏ã‡∏∑‡πâ‡∏≠)",3
1,"-‡∏û‡∏ô‡∏±‡∏Å‡∏á‡∏≤‡∏ô‡∏ú‡∏π‡πâ‡∏ä‡∏≤‡∏¢‡∏ó‡∏µ‡πà‡πÄ‡∏Ñ‡∏≤‡∏ô‡πå‡πÄ‡∏ï‡∏≠‡∏£‡πå‡∏û‡∏π‡∏î‡∏à‡∏≤ ‡πÅ‡∏•‡∏∞‡∏ó‡∏≥‡∏™‡∏µ‡∏´‡∏ô‡πâ‡∏≤‡πÑ‡∏°‡πà‡∏î‡∏µ‡∏Å‡∏±‡∏ö‡∏•‡∏π‡∏Å‡∏Ñ‡πâ‡∏≤ ‡∏•‡∏π‡∏Å‡∏Ñ‡πâ‡∏≤‡πÄ‡∏î‡∏¥‡∏ô‡πÑ‡∏õ‡∏™‡∏≠‡∏ö‡∏ñ‡∏≤‡∏° ‡πÅ‡∏ó‡∏ô‡∏ó‡∏µ‡πà‡∏à‡∏∞‡∏ö‡∏£‡∏¥‡∏Å‡∏≤‡∏£‡πÉ‡∏´‡πâ‡∏î‡∏µ‡πÜ 
-‡∏£‡∏ñ‡∏Å‡πâ‡∏≠‡πÑ‡∏°‡πà‡∏•‡πâ‡∏≤‡∏á‡πÅ‡∏•‡∏∞‡∏î‡∏π‡∏î‡∏ù‡∏∏‡πà‡∏ô‡πÉ‡∏´‡πâ ‡πÅ‡∏•‡πâ‡∏ß‡∏à‡∏∞‡∏ñ‡∏≤‡∏°‡πÄ‡∏û‡∏∑‡πà‡∏≠‡∏≠‡∏∞‡πÑ‡∏£ ‡∏ß‡πà‡∏≤‡∏•‡πâ‡∏≤‡∏á‡πÑ‡∏´‡∏° ‡πÅ‡∏•‡πâ‡∏ß‡πÑ‡∏°‡πà‡∏°‡∏µ‡∏Å‡∏≤‡∏£‡∏ö‡∏≠‡∏Å‡∏Ç‡πâ‡∏≠‡∏Ç‡∏±‡∏î‡∏Ç‡πâ‡∏≠‡∏á‡πÉ‡∏î‡πÜ",2
2,"1. ‡∏Å‡∏≤‡∏£‡∏î‡∏π‡πÅ‡∏•‡πÉ‡∏´‡πâ‡∏ö‡∏£‡∏¥‡∏Å‡∏≤‡∏£‡∏´‡∏•‡∏±‡∏á‡∏Å‡∏≤‡∏£‡∏Ç‡∏≤‡∏¢‡πÑ‡∏°‡πà‡πÑ‡∏î‡πâ‡∏î‡∏µ‡πÄ‡∏´‡∏°‡∏∑‡∏≠‡∏ô‡∏ó‡∏µ‡πà‡∏Ñ‡∏¥‡∏î
2. ‡∏Ñ‡∏∏‡∏ì‡∏†‡∏≤‡∏û‡∏£‡∏ñ ‡πÅ‡∏•‡∏∞‡∏Å‡∏≤‡∏£‡∏õ‡∏£‡∏∞‡∏Å‡∏≠‡∏ö ‡∏≠‡∏≠‡∏Å‡∏°‡∏≤‡∏à‡∏≤‡∏Å‡πÇ‡∏£‡∏á‡∏á‡∏≤‡∏ô‡πÑ‡∏°‡πà‡∏™‡∏°‡∏£‡∏≤‡∏Ñ‡∏≤",2
3,"1. ‡∏™‡∏°‡∏£‡∏£‡∏ñ‡∏ô‡∏∞‡∏Ç‡∏≠‡∏á‡∏£‡∏ñ
2. ‡∏Å‡∏≤‡∏£‡∏ö‡∏£‡∏¥‡∏Å‡∏≤‡∏£
3. ‡∏û‡∏ô‡∏±‡∏Å‡∏á‡∏≤‡∏ô‡∏Ç‡∏≤‡∏¢ ‡∏î‡∏µ‡∏°‡∏≤‡∏Å",2
4,"All of the staff were very tentative and helpful and friendly especially Khun Adirake,  the agent who personally handled the service requested.",2
5,"BMW shop staff was very kind and nice. Contracts and other work were done quickly, and I was able to get a car early.",2
6,BMW ‡∏ï‡∏≠‡∏ö‡πÇ‡∏à‡∏ó‡∏¢‡πå‡∏´‡∏•‡∏≤‡∏¢‡πÜ‡∏î‡πâ‡∏≤‡∏ô ‡∏ó‡∏±‡πâ‡∏á‡∏£‡∏π‡∏õ‡∏•‡∏±‡∏Å‡∏©‡∏ì‡πå‡∏ó‡∏µ‡πà‡∏™‡∏ß‡∏¢‡∏á‡∏≤‡∏° ‡∏™‡∏°‡∏£‡∏£‡∏ñ‡∏ô‡∏∞‡∏ó‡∏µ‡πà‡∏î‡∏µ‡πÄ‡∏¢‡∏µ‡πà‡∏¢‡∏° ‡∏†‡∏≤‡∏û‡∏•‡∏±‡∏Å‡∏©‡∏ì‡πå ‡∏ö‡∏£‡∏¥‡∏Å‡∏≤‡∏£‡∏´‡∏•‡∏±‡∏á‡∏Å‡∏≤‡∏£‡∏Ç‡∏≤‡∏¢ ‡πÅ‡∏•‡∏∞‡∏Å‡∏≤‡∏£ Service ‡∏ó‡∏µ‡πà‡∏î‡∏µ‡∏Å‡∏ß‡πà‡∏≤‡πÅ‡∏ö‡∏£‡∏ô‡∏î‡πå‡∏≠‡∏∑‡πà‡∏ô‡πÜ,2
7,"Bad service at rama 3 millennium auto, the staff dont speak english, and even their thai is not understandable, they are not detail or precise in the information they provide customer.",2
8,"Driving experience is similar as Mercedes-Benz, but BMW has some problems as navigation map is not working as it should, tailgate can be easily damaged since there is no sensor, Airco is super slow to cool fast, even in automatic mode it doesn't work. When use Google maps it doesn't show in the projector screen in front of the driver, only on the big display. Parking assistance sometimes work sometimes not and sometimes even if it works its not very precise, like parked on the sidelines.",3
9,Experience ‡∏Å‡∏≤‡∏£‡∏ã‡∏∑‡πâ‡∏≠‡πÑ‡∏°‡πà‡∏ô‡πà‡∏≤‡∏õ‡∏£‡∏∞‡∏ó‡∏±‡∏ö‡πÉ‡∏à ‡πÄ‡∏ã‡∏•‡∏•‡πå‡∏°‡∏µ‡∏Å‡∏≤‡∏£‡πÉ‡∏´‡πâ‡∏Ç‡πâ‡∏≠‡∏°‡∏π‡∏•‡∏ó‡∏µ‡πà‡∏ú‡∏¥‡∏î‡∏û‡∏•‡∏≤‡∏î‡∏´‡∏•‡∏≤‡∏¢‡∏Ñ‡∏£‡∏±‡πâ‡∏á ‡∏£‡∏ß‡∏°‡∏ñ‡∏∂‡∏á‡∏ú‡∏π‡πâ‡∏à‡∏±‡∏î‡∏Å‡∏≤‡∏£‡∏°‡∏µ‡∏Å‡∏≤‡∏£‡∏Ç‡∏∂‡πâ‡∏ô‡πÄ‡∏™‡∏µ‡∏¢‡∏á‡∏Å‡∏±‡∏ö‡∏•‡∏π‡∏Å‡∏Ñ‡πâ‡∏≤,2
10,"I‚Äôve got very pleasant from services advisor Khun Thanawat, that did a great job beyond expectation, take care and have a good advise and well managed to solve issues for me.",2
11,"Pros
‡∏£‡∏ñ‡∏°‡∏µ‡∏Ñ‡∏∏‡∏ì‡∏†‡∏≤‡∏û‡πÅ‡∏•‡∏∞‡∏™‡∏°‡∏£‡∏£‡∏ñ‡∏ô‡∏∞‡∏™‡∏π‡∏á ‡∏≠‡∏±‡∏ï‡∏£‡∏≤‡πÄ‡∏£‡πà‡∏á‡∏î‡∏µ‡πÄ‡∏£‡πà‡∏á‡πÅ‡∏ã‡∏á‡∏°‡∏±‡πà‡∏ô‡πÉ‡∏à ‡∏Ç‡∏±‡∏ö‡∏™‡∏ô‡∏∏‡∏Å handling ‡πÅ‡∏•‡∏∞‡∏ä‡πà‡∏ß‡∏á‡∏•‡πà‡∏≤‡∏á‡∏î‡∏µ
Cons
‡πÄ‡∏ö‡∏≤‡∏∞‡∏ô‡∏±‡πà‡∏á‡∏Ñ‡∏π‡πà‡∏´‡∏ô‡πâ‡∏≤‡πÑ‡∏°‡πà‡∏Ñ‡πà‡∏≠‡∏¢‡∏™‡∏ö‡∏≤‡∏¢ ‡∏´‡∏ô‡πâ‡∏≤‡πÅ‡∏Ñ‡∏ö‡πÅ‡∏•‡∏∞‡πÅ‡∏Ç‡πá‡∏á‡πÑ‡∏°‡πà‡∏£‡∏±‡∏ö‡πÅ‡∏ú‡πà‡∏ô‡∏´‡∏•‡∏±‡∏á ‡πÄ‡∏ö‡∏≤‡∏∞‡∏´‡∏•‡∏±‡∏á‡∏Ñ‡πà‡∏≠‡∏ô‡∏Ç‡πâ‡∏≤‡∏á‡πÅ‡∏Ç‡πá‡∏á‡πÅ‡∏•‡∏∞‡πÄ‡∏≠‡∏ô‡∏ô‡πâ‡∏≠‡∏¢‡∏ô‡∏±‡πà‡∏á‡πÑ‡∏°‡πà‡∏™‡∏ö‡∏≤‡∏¢",2
12,SA ‡∏Ñ‡∏∏‡∏ì‡∏õ‡∏≠ ‡∏≠‡∏ä‡∏¥‡∏£‡∏ß‡∏±‡∏í‡∏ì‡πå ‡πÄ‡∏¢‡∏≠‡∏£‡∏°‡∏±‡∏ô ‡∏≠‡∏≠‡πÇ‡∏ï‡πâ ‡∏™‡∏≤‡∏Ç‡∏≤‡∏û‡∏±‡∏ó‡∏¢‡∏≤ ‡∏û‡∏π‡∏î‡∏Ñ‡∏∏‡∏¢‡∏™‡∏∏‡∏†‡∏≤‡∏û ‡∏ö‡∏£‡∏¥‡∏Å‡∏≤‡∏£‡πÅ‡∏•‡∏∞‡πÉ‡∏™‡πà‡πÉ‡∏à‡∏î‡∏π‡πÅ‡∏•‡∏î‡∏µ‡∏°‡∏≤‡∏Å‡πÜ‡∏Ñ‡πà‡∏∞ ‡∏≠‡∏¢‡∏π‡πà‡∏Å‡∏£‡∏∏‡∏á‡πÄ‡∏ó‡∏û‡πÅ‡∏ï‡πà‡πÄ‡∏ï‡πá‡∏°‡πÉ‡∏à‡∏Ç‡∏±‡∏ö‡∏°‡∏≤‡πÉ‡∏ä‡πâ‡∏ö‡∏£‡∏¥‡∏Å‡∏≤‡∏£‡∏ó‡∏µ‡πà‡∏ô‡∏µ‡πà.,2
13,sale ‡∏î‡∏π‡πÅ‡∏•‡πÅ‡∏•‡∏∞‡∏ö‡∏£‡∏¥‡∏Å‡∏≤‡∏£‡∏î‡∏µ‡∏°‡∏≤‡∏Å ‡πÅ‡∏•‡∏∞ product genius ‡∏Å‡πá‡πÅ‡∏ô‡∏∞‡∏ô‡∏≥‡∏Å‡∏≤‡∏£‡πÉ‡∏ä‡πâ‡∏Å‡∏≤‡∏£‡πÑ‡∏î‡πâ‡∏î‡∏µ ‡∏Ñ‡∏£‡∏ö‡πÅ‡∏•‡∏∞‡∏•‡∏∞‡πÄ‡∏≠‡∏µ‡∏¢‡∏î‡πÅ‡∏ñ‡∏°‡∏´‡∏•‡∏±‡∏á‡∏à‡∏≤‡∏Å‡πÑ‡∏î‡πâ‡∏£‡∏±‡∏ö‡∏£‡∏ñ‡πÑ‡∏õ‡πÅ‡∏•‡πâ‡∏ß‡∏¢‡∏±‡∏á‡∏ï‡∏¥‡∏î‡∏ï‡πà‡∏≠‡∏™‡∏≠‡∏ö‡∏ñ‡∏≤‡∏°‡∏Å‡∏≤‡∏£‡πÉ‡∏ä‡πâ‡∏á‡∏≤‡∏ô‡∏Å‡∏±‡∏ö genius ‡πÑ‡∏î‡πâ‡∏á‡πà‡∏≤‡∏¢,2
14,‡∏Å‡∏≤‡∏£‡∏î‡∏≥‡πÄ‡∏ô‡∏¥‡∏ô‡∏Å‡∏≤‡∏£‡∏ï‡∏£‡∏ß‡∏à‡πÄ‡∏ä‡πá‡∏Ñ ‡∏Ç‡∏≤‡∏î‡∏Å‡∏≤‡∏£‡∏≠‡∏±‡∏ü‡πÄ‡∏î‡∏ó ‡∏ß‡πà‡∏≤‡∏£‡∏ñ‡∏≠‡∏¢‡∏π‡πà‡πÉ‡∏ô‡∏Ç‡∏±‡πâ‡∏ô‡∏ï‡∏≠‡∏ô‡πÑ‡∏´‡∏ô ‡∏ï‡πâ‡∏≠‡∏á‡πÑ‡∏î‡πâ‡∏£‡∏±‡∏ö‡∏Å‡∏≤‡∏£‡πÇ‡∏ó‡∏£‡∏™‡∏≠‡∏ö‡∏ñ‡∏≤‡∏°‡∏à‡∏≤‡∏Å‡∏•‡∏π‡∏Å‡∏Ñ‡πâ‡∏≤ ‡∏ñ‡∏∂‡∏á‡∏°‡∏µ‡∏Å‡∏≤‡∏£‡∏≠‡∏±‡∏ü‡πÄ‡∏î‡∏ó ‡∏Ñ‡∏∑‡∏ö‡∏´‡∏ô‡πâ‡∏≤,2
15,‡∏Å‡∏≤‡∏£‡∏î‡∏π‡πÅ‡∏•‡∏•‡πà‡∏≤‡∏ä‡πâ‡∏≤‡πÑ‡∏°‡πà‡∏õ‡∏£‡∏∞‡∏™‡∏≤‡∏ô‡∏á‡∏≤‡∏ô‡∏Å‡∏±‡∏ö‡∏•‡∏π‡∏Å‡∏Ñ‡πâ‡∏≤‡πÄ‡∏≠‡∏≤‡∏£‡∏ñ‡πÑ‡∏õ‡πÄ‡∏Å‡πá‡∏ö‡πÑ‡∏ß‡πâ‡∏ô‡∏≤‡∏ô‡πÄ‡∏õ‡πá‡∏ô‡πÄ‡∏ß‡∏•‡∏≤‡∏ô‡∏≤‡∏ô‡πÑ‡∏°‡πà‡∏°‡∏µ‡∏Å‡∏≤‡∏£‡∏™‡∏≥‡∏£‡∏≠‡∏á‡∏£‡∏ñ‡πÉ‡∏´‡πâ‡πÉ‡∏ä‡πâ‡πÅ‡∏•‡∏∞‡∏Å‡πá‡πÑ‡∏°‡πà‡∏°‡∏µ‡∏Å‡∏≤‡∏£‡πÅ‡∏à‡πâ‡∏á‡∏Ñ‡∏ß‡∏≤‡∏°‡∏Ñ‡∏∑‡∏ö‡∏´‡∏ô‡πâ‡∏≤‡πÉ‡∏ô‡∏Å‡∏≤‡∏£‡∏ã‡πà‡∏≠‡∏°‡∏ö‡∏≥‡∏£‡∏∏‡∏á‡∏£‡∏±‡∏Å‡∏©‡∏≤‡∏£‡∏ñ‡πÑ‡∏°‡πà‡∏°‡∏µ‡∏Å‡∏≤‡∏£‡∏ï‡∏¥‡∏î‡∏ï‡∏≤‡∏°‡∏Å‡∏≤‡∏£‡πÄ‡∏Ñ‡∏•‡∏∑‡πà‡∏≠‡∏ô‡πÑ‡∏´‡∏ß‡πÅ‡∏•‡πâ‡∏ß‡∏ô‡∏≥‡πÅ‡∏à‡πâ‡∏á‡∏ï‡πà‡∏≠‡∏•‡∏π‡∏Å‡∏Ñ‡πâ‡∏≤‡πÑ‡∏°‡πà‡∏°‡∏µ‡∏Ñ‡∏ß‡∏≤‡∏°‡∏Å‡∏£‡∏∞‡∏ï‡∏∑‡∏≠‡∏£‡∏∑‡∏≠‡∏£‡πâ‡∏ô‡πÉ‡∏ô‡∏Å‡∏≤‡∏£‡∏ó‡∏≥‡∏á‡∏≤‡∏ô‡πÑ‡∏°‡πà‡∏°‡∏µ‡∏Ñ‡∏ß‡∏≤‡∏°‡∏ï‡∏±‡πâ‡∏á‡πÉ‡∏à‡πÉ‡∏ô‡∏Å‡∏≤‡∏£‡πÉ‡∏´‡πâ‡∏ö‡∏£‡∏¥‡∏Å‡∏≤‡∏£‡πÑ‡∏°‡πà‡πÄ‡∏Ñ‡∏¢‡∏ï‡∏¥‡∏î‡∏ï‡πà‡∏≠‡∏´‡∏≤‡∏•‡∏π‡∏Å‡∏Ñ‡πâ‡∏≤‡∏à‡∏ô‡∏ñ‡∏∂‡∏á‡∏ß‡∏±‡∏ô‡∏£‡∏±‡∏ö‡∏£‡∏ñ‡∏•‡∏π‡∏Å‡∏Ñ‡πâ‡∏≤‡∏Å‡πá‡∏ï‡πâ‡∏≠‡∏á‡πÑ‡∏õ‡∏ï‡∏¥‡∏î‡∏ï‡πà‡∏≠‡∏Ç‡∏≠‡∏£‡∏±‡∏ö‡∏£‡∏ñ‡πÄ‡∏≠‡∏á‡∏ñ‡∏≤‡∏°‡∏ß‡πà‡∏≤‡πÄ‡∏™‡∏£‡πá‡∏à‡∏´‡∏£‡∏∑‡∏≠‡∏¢‡∏±‡∏á‡∏à‡∏∞‡∏°‡∏≤‡∏£‡∏±‡∏ö‡∏£‡∏ñ‡∏à‡∏∂‡∏á‡∏£‡∏π‡πâ‡∏ß‡πà‡∏≤‡∏£‡∏ñ‡πÄ‡∏™‡∏£‡πá‡∏à‡∏Å‡∏£‡∏ì‡∏µ‡∏ô‡∏µ‡πâ‡πÄ‡∏Å‡∏¥‡∏î‡∏à‡∏≤‡∏Å‡∏û‡∏ô‡∏±‡∏Å‡∏á‡∏≤‡∏ô‡∏®‡∏π‡∏ô‡∏¢‡πå‡∏ö‡∏µ‡πÄ‡∏≠‡πá‡∏°‡∏†‡∏π‡πÄ‡∏Å‡πá‡∏ï‡∏ä‡∏∑‡πà‡∏≠‡∏Ñ‡∏∏‡∏ì‡πÄ‡∏ö‡∏•‡∏ú‡∏°‡πÑ‡∏°‡πà‡πÄ‡∏Ç‡πâ‡∏≤‡πÉ‡∏à‡∏ß‡πà‡∏≤‡πÄ‡∏Ç‡∏≤‡∏ó‡∏≥‡∏á‡∏≤‡∏ô‡πÄ‡∏õ‡πá‡∏ô‡∏´‡∏£‡∏∑‡∏≠‡πÄ‡∏õ‡∏•‡πà‡∏≤‡∏≠‡∏¢‡∏≤‡∏Å‡πÉ‡∏´‡πâ‡∏ó‡∏≤‡∏á‡∏ö‡∏£‡∏¥‡∏©‡∏±‡∏ó‡∏ï‡∏£‡∏ß‡∏à‡∏™‡∏≠‡∏ö‡∏Ñ‡∏ß‡∏≤‡∏°‡∏£‡∏π‡πâ‡∏Ñ‡∏ß‡∏≤‡∏°‡∏™‡∏≤‡∏°‡∏≤‡∏£‡∏ñ‡πÅ‡∏•‡∏∞‡∏Ñ‡∏ß‡∏≤‡∏°‡∏ï‡∏±‡πâ‡∏á‡πÉ‡∏à‡πÉ‡∏ô‡∏Å‡∏≤‡∏£‡πÉ‡∏´‡πâ‡∏ö‡∏£‡∏¥‡∏Å‡∏≤‡∏£‡∏Å‡∏±‡∏ö‡∏•‡∏π‡∏Å‡∏Ñ‡πâ‡∏≤‡∏Ç‡∏≠‡∏á‡∏û‡∏ô‡∏±‡∏Å‡∏á‡∏≤‡∏ô‡∏Ñ‡∏ô‡∏ô‡∏µ‡πâ‡∏´‡∏ô‡πà‡∏≠‡∏¢‡πÑ‡∏°‡πà‡πÉ‡∏ä‡πà‡∏Å‡∏≤‡∏£‡∏Å‡∏•‡∏±‡πà‡∏ô‡πÅ‡∏Å‡∏•‡πâ‡∏á‡∏Ñ‡∏∑‡∏≠‡∏ú‡∏°‡πÄ‡∏à‡∏≠‡∏Å‡∏±‡∏ö‡∏ï‡∏±‡∏ß‡πÄ‡∏≠‡∏á‡∏°‡∏≤‡∏à‡∏ô‡∏ï‡∏≠‡∏ô‡∏ô‡∏µ‡πâ‡∏£‡∏ñ‡∏ú‡∏°‡∏Å‡πá‡∏¢‡∏±‡∏á‡∏ã‡πà‡∏≠‡∏°‡πÑ‡∏°‡πà‡πÄ‡∏™‡∏£‡πá‡∏à‡∏ô‡∏≥‡∏≠‡∏≠‡∏Å‡∏°‡∏≤‡πÑ‡∏î‡πâ 3-4 ‡∏ß‡∏±‡∏ô‡πÄ‡∏Ñ‡∏£‡∏∑‡πà‡∏≠‡∏á‡∏°‡∏µ‡∏õ‡∏±‡∏ç‡∏´‡∏≤‡πÄ‡∏ô‡∏∑‡πà‡∏≠‡∏á‡∏à‡∏≤‡∏Å‡∏Å‡∏≤‡∏£‡∏ã‡πà‡∏≠‡∏°‡πÉ‡∏ô‡∏Ñ‡∏£‡∏±‡πâ‡∏á‡πÅ‡∏£‡∏Å‡∏ô‡∏±‡πâ‡∏ô,2
16,"‡∏Å‡∏≤‡∏£‡∏ï‡πâ‡∏≠‡∏ô‡∏£‡∏±‡∏ö
‡∏Ñ‡∏ß‡∏≤‡∏°‡πÉ‡∏™‡πà‡πÉ‡∏à
‡∏Å‡∏≤‡∏£‡πÅ‡∏à‡πâ‡∏á‡∏Ç‡πâ‡∏≠‡∏°‡∏π‡∏•",2
17,‡∏Å‡∏≤‡∏£‡∏ï‡πâ‡∏≠‡∏ô‡∏£‡∏±‡∏ö ‡∏™‡∏∏‡∏†‡∏≤‡∏û ‡∏ö‡∏£‡∏¥‡∏Å‡∏≤‡∏£‡∏î‡∏µ ‡πÅ‡∏ï‡πà‡∏Ç‡∏≠‡∏ï‡∏¥‡πÄ‡∏£‡∏∑‡πà‡∏≠‡∏á‡∏£‡∏∞‡∏¢‡∏∞‡πÄ‡∏ß‡∏•‡∏≤‡πÉ‡∏ô‡∏Å‡∏≤‡∏£‡πÉ‡∏´‡πâ‡∏ö‡∏£‡∏¥‡∏Å‡∏≤‡∏£‡∏ô‡∏≤‡∏ô‡πÑ‡∏õ‡∏ô‡∏¥‡∏î,2
18,‡∏Å‡∏≤‡∏£‡πÉ‡∏´‡πâ‡∏ö‡∏£‡∏¥‡∏Å‡∏≤‡∏£‡∏à‡∏≤‡∏Å‡∏û‡∏ô‡∏±‡∏Å‡∏á‡∏≤‡∏ô‡∏î‡∏µ‡πÄ‡∏¢‡∏µ‡πà‡∏¢‡∏° ‡∏®‡∏π‡∏ô‡∏¢‡πå‡∏ö‡∏£‡∏¥‡∏Å‡∏≤‡∏£‡∏°‡∏µ‡∏Å‡∏≤‡∏£‡∏î‡∏π‡πÅ‡∏•‡∏•‡∏π‡∏Å‡∏Ñ‡πâ‡∏≤ ‡∏ô‡πâ‡∏≥ ‡∏Ç‡∏ô‡∏° ‡∏Ç‡∏≠‡∏á‡∏Å‡∏¥‡∏ô‡∏£‡∏∞‡∏´‡∏ß‡πà‡∏≤‡∏á‡∏£‡∏≠,3
19,‡∏Ç‡πâ‡∏≠‡∏°‡∏π‡∏•‡∏Ç‡∏≠‡∏á‡∏•‡∏π‡∏Å‡∏Ñ‡πâ‡∏≤‡∏Ñ‡∏ô‡∏≠‡∏∑‡πà‡∏ô ‡πÅ‡∏ï‡πà‡πÉ‡∏™‡πà‡∏≠‡∏µ‡πÄ‡∏°‡∏•‡πå‡∏û‡∏µ‡πà‡πÄ‡∏Ç‡πâ‡∏≤‡πÑ‡∏õ ‡∏™‡πà‡∏á‡∏°‡∏≤‡∏ú‡∏¥‡∏î ‡πÅ‡∏Å‡πâ‡πÑ‡∏Ç‡πÉ‡∏´‡πâ‡∏î‡πâ‡∏ß‡∏¢‡∏ô‡∏∞‡∏Ñ‡∏∞,2
20,‡∏Ñ‡∏£‡∏±‡πâ‡∏á‡∏•‡πà‡∏≤‡∏™‡∏∏‡∏î‡∏ó‡∏µ‡πà‡πÄ‡∏Ç‡πâ‡∏≤‡πÉ‡∏ä‡πà‡∏ö‡∏£‡∏¥‡∏Å‡∏≤‡∏£‡πÄ‡∏ã‡πá‡∏Ñ‡∏£‡∏∞‡∏¢‡∏∞‡πÄ‡∏õ‡∏•‡∏µ‡πà‡∏¢‡∏ô‡∏ñ‡πà‡∏≤‡∏¢‡∏ô‡πâ‡∏≥‡∏°‡∏±‡∏ô‡πÄ‡∏Ñ‡∏£‡∏∑‡πà‡∏≠‡∏á‡∏Ç‡∏±‡∏ö‡∏Å‡∏•‡∏±‡∏ö‡∏£‡∏∞‡∏´‡∏ß‡πà‡∏≤‡∏á‡∏ó‡∏≤‡∏á‡πÄ‡∏à‡∏≠‡∏õ‡∏±‡∏ç‡∏´‡∏≤‡πÄ‡∏Å‡∏µ‡πà‡∏¢‡∏ß‡∏Å‡∏±‡∏ö‡∏Å‡∏≤‡∏£‡πÉ‡∏™‡πà‡∏ô‡πâ‡∏≥‡∏°‡∏±‡∏ô‡πÄ‡∏Ñ‡∏£‡∏∑‡πà‡∏≠‡∏á‡∏°‡∏≤‡∏Å‡πÄ‡∏Å‡∏¥‡∏ô‡πÑ‡∏õ‡πÄ‡∏Ñ‡∏£‡∏∑‡πà‡∏≠‡∏á‡πÄ‡∏•‡∏¢‡πÇ‡∏ä‡∏ß‡πå‡∏ö‡∏≠‡∏Å‡∏ó‡∏µ‡πà‡∏´‡∏ô‡πâ‡∏≤‡∏à‡∏≠‡∏ß‡∏±‡∏ô‡∏£‡∏∏‡πà‡∏á‡∏Ç‡∏∂‡πâ‡∏ô‡∏Å‡πá‡πÄ‡∏•‡∏¢‡πÇ‡∏ó‡∏£‡πÑ‡∏õ‡∏õ‡∏£‡∏∂‡∏Å‡∏©‡∏≤‡∏û‡∏ô‡∏±‡∏Å‡∏á‡∏≤‡∏ô‡πÅ‡∏ï‡πà‡∏Ñ‡∏≥‡∏ï‡∏≠‡∏ö‡∏ö‡∏≠‡∏Å‡∏ß‡πà‡∏≤‡πÉ‡∏´‡πâ‡∏ó‡∏≤‡∏á‡πÄ‡∏£‡∏≤‡∏Ç‡∏±‡∏ö‡∏£‡∏ñ‡∏Å‡∏•‡∏±‡∏ö‡πÑ‡∏õ‡∏ó‡∏µ‡πà‡∏®‡∏π‡∏ô‡∏¢‡πå‡πÄ‡∏û‡∏∑‡πà‡∏≠‡πÄ‡∏ä‡πá‡∏Ñ‡∏Ñ‡∏ß‡∏≤‡∏°‡πÄ‡∏£‡∏µ‡∏¢‡∏ö‡∏£‡πâ‡∏≠‡∏¢‡∏≠‡∏µ‡∏Å‡πÅ‡∏ï‡πà‡πÄ‡∏£‡∏≤‡∏≠‡∏¢‡∏π‡πà‡∏ï‡πà‡∏≤‡∏á‡∏à‡∏±‡∏á‡∏´‡∏ß‡∏±‡∏î‡πÄ‡∏•‡∏¢‡∏ö‡∏≠‡∏Å‡πÑ‡∏õ‡∏ß‡πà‡∏≤‡∏ï‡πâ‡∏≠‡∏á‡∏£‡∏≠‡∏ä‡πà‡∏ß‡∏á‡πÄ‡∏ß‡∏•‡∏≤‡∏Ñ‡∏∏‡∏¢‡∏Å‡∏±‡∏ô‡πÑ‡∏õ‡∏°‡∏≤‡∏ß‡πà‡∏≤‡πÄ‡∏£‡∏≤‡πÄ‡∏õ‡πá‡∏ô‡∏ú‡∏π‡πâ‡∏´‡∏ç‡∏¥‡∏á‡∏°‡∏µ‡∏ô‡πâ‡∏≠‡∏á‡πÄ‡∏•‡πá‡∏Å‡πÑ‡∏°‡πà‡∏™‡∏∞‡∏î‡∏ß‡∏Å‡πÑ‡∏õ‡∏ô‡πâ‡∏≠‡∏á‡∏ï‡πâ‡∏≠‡∏á‡πÑ‡∏õ‡πÇ‡∏£‡∏á‡πÄ‡∏£‡∏µ‡∏¢‡∏ô‡∏ó‡∏≤‡∏á0‡∏Ç‡∏≠‡πÑ‡∏õ‡∏õ‡∏£‡∏∂‡∏Å‡∏©‡∏≤‡∏Å‡πá‡πÑ‡∏î‡πâ‡∏Ñ‡∏≥‡∏ï‡∏≠‡∏ö‡∏°‡∏≤‡∏ß‡πà‡∏≤‡∏ó‡∏≤‡∏á0‡∏à‡∏∞‡∏°‡∏≤‡∏ó‡∏µ‡πà‡∏ö‡πâ‡∏≤‡∏ô‡πÄ‡∏≠‡∏á‡∏ã‡∏∂‡πâ‡∏á‡∏≠‡∏¢‡∏π‡πà‡∏ï‡πà‡∏≤‡∏á‡∏à‡∏±‡∏á‡∏´‡∏ß‡∏±‡∏î‡∏ã‡∏∂‡πâ‡∏á‡∏Ç‡∏≠‡∏ö‡∏Ñ‡∏∏‡∏ì‡∏°‡∏≤‡∏Å‡πÜ‡πÅ‡∏ï‡πà‡πÄ‡∏£‡∏∑‡πà‡∏≠‡∏á‡∏ô‡∏µ‡πâ‡∏Å‡πá‡πÑ‡∏°‡πà‡∏≠‡∏¢‡∏≤‡∏Å‡πÉ‡∏´‡πâ‡πÄ‡∏Å‡∏¥‡∏î‡∏Ç‡∏∂‡πâ‡∏ô‡∏≠‡∏µ‡∏Å‡∏°‡∏±‡∏ô‡πÄ‡∏™‡∏µ‡∏¢‡πÄ‡∏ß‡∏•‡∏≤‡∏ã‡∏∂‡πâ‡∏á‡∏≠‡∏¢‡∏≤‡∏Å‡πÉ‡∏´‡πâ‡πÅ‡∏Å‡πâ‡πÑ‡∏Ç‡∏Å‡πà‡∏≠‡∏ô‡∏™‡πà‡∏á‡∏£‡∏ñ‡∏Ñ‡∏ß‡∏£‡πÄ‡∏ä‡πá‡∏Ñ‡πÉ‡∏´‡πâ‡πÄ‡∏£‡∏µ‡∏¢‡∏ö‡∏£‡πâ‡∏≠‡∏¢‡∏Ñ‡πà‡∏∞ ‡∏Ç‡∏≠‡∏Ç‡∏≠‡∏ö‡∏Ñ‡∏∏‡∏ì‡∏°‡∏≤‡∏Å‡πÜ‡∏ó‡∏µ‡πà‡∏°‡∏≤‡∏ó‡∏≥‡∏Å‡∏≤‡∏£‡πÅ‡∏Å‡πâ‡πÑ‡∏ä‡πÉ‡∏´‡πâ‡∏ñ‡∏∂‡∏á‡∏´‡∏±‡∏ß‡∏´‡∏¥‡∏ô‡∏Ñ‡πà‡∏∞,3
21,‡∏Ñ‡∏ß‡∏£‡πÅ‡∏à‡πâ‡∏á‡∏£‡∏≤‡∏¢‡∏•‡∏∞‡πÄ‡∏≠‡∏µ‡∏¢‡∏î ‡∏Å‡∏≤‡∏£‡∏ö‡∏£‡∏¥‡∏Å‡∏≤‡∏£ ‡∏ï‡∏≤‡∏° Bsi ‡∏ó‡∏∏‡∏Å‡∏Ñ‡∏£‡∏±‡πâ‡∏á,2
22,‡∏Ñ‡∏≥‡∏û‡∏π‡∏î‡∏à‡∏≤‡∏Ç‡∏≠‡∏á SA ‡∏ó‡∏µ‡πà‡∏£‡∏±‡∏ö‡∏£‡∏ñ‡∏ß‡∏±‡∏ô‡∏•‡πà‡∏≤‡∏™‡∏∏‡∏î‡πÑ‡∏°‡πà‡∏Ñ‡πà‡∏≠‡∏¢‡∏•‡∏∑‡πà‡∏ô‡∏´‡∏π‡πÄ‡∏ó‡πà‡∏≤‡πÑ‡∏´‡∏£‡πà‡∏ô‡∏∞‡∏Ñ‡∏∞ ‡∏£‡∏ö‡∏Å‡∏ß‡∏ô‡∏õ‡∏£‡∏±‡∏ö‡∏õ‡∏£‡∏∏‡∏á‡∏´‡∏ô‡πà‡∏≠‡∏ô,2
23,‡∏Ñ‡∏≥‡πÅ‡∏ô‡∏∞‡∏ô‡∏≥‡πÉ‡∏ô‡∏Å‡∏≤‡∏£‡∏ã‡∏∑‡πâ‡∏≠‡πÅ‡∏•‡∏∞‡∏Ç‡πâ‡∏≠‡πÄ‡∏™‡∏ô‡∏≠‡∏û‡∏¥‡πÄ‡∏®‡∏© / ‡∏ö‡∏£‡∏¥‡∏Å‡∏≤‡∏£‡∏£‡∏∞‡∏´‡∏ß‡πà‡∏≤‡∏á‡∏Å‡∏≤‡∏£‡∏Ç‡∏≤‡∏¢ / ‡∏ö‡∏£‡∏¥‡∏Å‡∏≤‡∏£‡∏´‡∏•‡∏±‡∏á‡∏Å‡∏≤‡∏£‡∏Ç‡∏≤‡∏¢,2
24,‡∏Ñ‡∏∏‡∏ì‡∏†‡∏≤‡∏û‡∏Ç‡∏≠‡∏á‡∏£‡∏ñ ‡πÅ‡∏•‡∏∞‡∏Å‡∏≤‡∏£‡∏ö‡∏£‡∏¥‡∏Å‡∏≤‡∏£‡∏´‡∏•‡∏±‡∏á‡∏Å‡∏≤‡∏£‡∏Ç‡∏≤‡∏¢,2
25,"‡∏Ñ‡∏∏‡∏ì‡∏†‡∏≤‡∏û‡∏£‡∏ñ
Lifestyle",2
26,‡∏Ñ‡∏∏‡∏ì‡∏†‡∏≤‡∏û‡πÅ‡∏•‡∏∞ ‡∏Å‡∏≤‡∏£‡∏ö‡∏£‡∏¥‡∏Å‡∏≤‡∏£‡∏´‡∏•‡∏±‡∏á‡∏Å‡∏≤‡∏£‡∏Ç‡∏≤‡∏¢ (BSI) ‡∏ó‡∏≥‡πÉ‡∏´‡πâ‡∏£‡∏π‡πâ‡∏™‡∏∂‡∏Å‡∏≠‡∏ö‡∏≠‡∏∏‡πà‡∏ô‡πÉ‡∏à,2
27,‡∏Ñ‡∏∏‡∏ì‡πÄ‡∏Å‡∏î ‡∏ù‡πà‡∏≤‡∏¢ Sales ‡∏î‡∏π‡πÅ‡∏•‡∏î‡∏µ‡∏°‡∏≤‡∏Å ‡∏ï‡∏≠‡∏ö‡∏Ñ‡∏≥‡∏ñ‡∏≤‡∏°‡∏î‡∏µ ‡∏ä‡πà‡∏ß‡∏¢‡πÄ‡∏´‡∏•‡∏∑‡∏≠‡∏õ‡∏£‡∏∞‡∏™‡∏≤‡∏ô‡∏á‡∏≤‡∏ô‡∏ó‡∏∏‡∏Å‡∏≠‡∏¢‡πà‡∏≤‡∏á ‡∏≠‡∏¢‡πà‡∏≤‡∏á‡πÑ‡∏£‡∏Å‡πá‡∏ï‡∏≤‡∏° ‡∏ï‡∏±‡∏ß‡∏£‡∏ñ‡∏°‡∏µ‡∏õ‡∏±‡∏ç‡∏´‡∏≤ 2 ‡∏≠‡∏¢‡πà‡∏≤‡∏á ‡∏Ñ‡∏∑‡∏≠ ‡∏´‡∏ô‡πâ‡∏≤‡∏à‡∏≠‡πÄ‡∏õ‡πá‡∏ô‡πÄ‡∏™‡πâ‡∏ô‡πÜ‡∏Ñ‡∏•‡∏∑‡πà‡∏ô‡πÜ ‡πÄ‡∏≠‡∏≤‡∏°‡∏≤‡∏ã‡πà‡∏≠‡∏°‡πÅ‡∏•‡πâ‡∏ß‡∏Å‡πá‡∏¢‡∏±‡∏á‡πÑ‡∏°‡πà‡∏´‡∏≤‡∏¢ ‡∏ä‡πà‡∏≤‡∏á‡∏ö‡∏≠‡∏Å‡∏ß‡πà‡∏≤‡∏ï‡πâ‡∏≠‡∏á‡πÄ‡∏õ‡∏•‡∏µ‡πà‡∏¢‡∏ô‡∏à‡∏≠ ‡πÅ‡∏•‡∏∞ ‡∏ó‡∏∏‡∏Å‡∏Ñ‡∏£‡∏±‡πâ‡∏á‡∏ó‡∏µ‡πà‡∏Ç‡∏±‡∏ö ‡∏à‡∏∞‡∏°‡∏µ‡πÄ‡∏™‡∏µ‡∏¢‡∏á‡∏Å‡∏∏‡∏Å‡πÜ‡∏î‡∏±‡∏á‡∏ï‡∏•‡∏≠‡∏î‡πÄ‡∏ß‡∏•‡∏≤ ‡∏à‡∏≤‡∏Å‡πÉ‡∏ï‡πâ‡∏£‡∏ñ‡∏ù‡∏±‡πà‡∏á‡∏Ñ‡∏ô‡∏ô‡∏±‡πà‡∏á‡∏î‡πâ‡∏≤‡∏ô‡∏´‡∏ô‡πâ‡∏≤,3
28,‡∏Ñ‡πà‡∏≤‡πÉ‡∏ä‡πâ‡∏à‡πà‡∏≤‡∏¢ ‡πÉ‡∏ô‡∏Å‡∏≤‡∏£‡∏ã‡πà‡∏≠‡∏° ‡πÅ‡∏û‡∏á‡∏°‡∏≤‡∏Å ‡∏®‡∏π‡∏ô‡∏¢‡πå‡∏ã‡πà‡∏≠‡∏° ‡πÉ‡∏ä‡πâ‡πÄ‡∏ß‡∏•‡∏≤‡∏ô‡∏≤‡∏ô‡πÉ‡∏ô‡∏Å‡∏≤‡∏£‡∏ã‡πà‡∏≠‡∏° ‡πÅ‡∏•‡∏∞‡∏ï‡πâ‡∏≠‡∏á‡∏ï‡∏≤‡∏°‡πÄ‡∏£‡∏∑‡πà‡∏≠‡∏á‡πÄ‡∏≠‡∏á ‡πÑ‡∏°‡πà‡πÄ‡∏Ç‡πâ‡∏≤‡πÉ‡∏à‡∏ß‡πà‡∏≤ ‡∏£‡∏∞‡∏ö‡∏ö ‡∏ó‡∏≥‡∏á‡∏≤‡∏ô‡∏Ç‡∏≠‡∏á ‡∏®‡∏π‡∏ô‡∏¢‡πå‡∏ã‡πà‡∏≠‡∏° ‡πÅ‡∏ï‡πà‡∏•‡∏∞‡πÅ‡∏´‡πà‡∏á ‡∏Ç‡∏≠‡∏á ‡∏ï‡∏±‡∏ß‡πÅ‡∏ó‡∏ô BMW ‡∏≠‡∏≠‡∏Å‡πÅ‡∏ö‡∏ö‡πÑ‡∏ß‡πâ‡∏¢‡∏±‡∏á‡πÑ‡∏á‡∏Ñ‡∏£‡∏±‡∏ö,2
29,‡∏à‡∏ô‡∏ó ‡∏ö‡∏£‡∏¥‡∏Å‡∏≤‡∏£‡∏î‡∏µ ‡∏ï‡∏¥‡∏î‡∏ï‡∏≤‡∏°‡∏á‡∏≤‡∏ô ‡πÅ‡∏ï‡πà‡∏£‡∏∞‡∏ö‡∏ö‡∏à‡∏≠‡∏á‡∏Ñ‡∏¥‡∏ß‡∏ã‡πà‡∏≠‡∏° ‡∏ï‡∏¥‡∏î‡∏ï‡πà‡∏≠‡∏¢‡∏≤‡∏Å‡∏°‡∏≤‡∏Å ‡∏Ñ‡∏ß‡∏£‡∏õ‡∏£‡∏±‡∏ö‡∏õ‡∏£‡∏∏‡∏á‡∏£‡∏∞‡∏ö‡∏ö‡πÇ‡∏ó‡∏£‡∏®‡∏±‡∏û‡∏ó‡πå,2
30,‡∏à‡∏ô‡∏ó ‡πÉ‡∏´‡πâ‡∏ö‡∏£‡∏¥‡∏Å‡∏≤‡∏£‡πÅ‡∏•‡∏∞‡∏ï‡∏¥‡∏î‡∏ï‡∏≤‡∏°‡πÄ‡∏õ‡πá‡∏ô‡∏≠‡∏¢‡πà‡∏≤‡∏á‡∏î‡∏µ ‡∏Å‡∏≤‡∏£‡πÄ‡∏Ç‡πâ‡∏≤‡∏ö‡∏£‡∏¥‡∏Å‡∏≤‡∏£‡∏Ñ‡∏£‡∏±‡πâ‡∏á‡∏ô‡∏µ‡πâ‡∏´‡∏•‡∏≤‡∏¢‡∏£‡∏≠‡∏ö‡∏°‡∏≤‡∏Å ‡∏à‡∏ô‡∏ñ‡∏∂‡∏á‡∏ï‡∏≠‡∏ô‡∏ô‡∏µ‡πâ‡∏Å‡πá‡∏¢‡∏±‡∏á‡πÑ‡∏°‡πà‡πÄ‡∏£‡∏µ‡∏¢‡∏ö‡∏£‡πâ‡∏≠‡∏¢ ‡∏£‡∏≠‡∏à‡∏ö‡∏Ç‡∏±‡πâ‡∏ô‡∏ï‡∏≠‡∏ô‡πÅ‡∏•‡∏∞‡∏à‡∏∞‡πÑ‡∏î‡πâ‡∏õ‡∏£‡∏∞‡∏™‡∏≤‡∏ô‡∏Å‡∏±‡∏ö‡∏ó‡∏≤‡∏á bmw Thailand ‡πÄ‡∏û‡∏∑‡πà‡∏≠‡∏î‡∏≥‡πÄ‡∏ô‡∏¥‡∏ô‡∏Å‡∏≤‡∏£‡πÉ‡∏´‡πâ‡∏™‡∏¥‡πâ‡∏ô‡∏™‡∏∏‡∏î ‡∏ñ‡∏∂‡∏á‡πÅ‡∏°‡πâ‡∏Ç‡∏±‡πâ‡∏ô‡∏ï‡∏≠‡∏ô‡∏à‡∏∞‡∏¢‡∏≤‡∏ß‡∏ô‡∏≤‡∏ô‡πÅ‡∏•‡∏∞‡∏ï‡πâ‡∏≠‡∏á‡πÄ‡∏Ç‡πâ‡∏≤‡∏£‡∏±‡∏ö‡∏ö‡∏£‡∏¥‡∏Å‡∏≤‡∏£ 3-4 ‡∏£‡∏≠‡∏ö ‡πÅ‡∏ï‡πà ‡∏à‡∏ô‡∏ó ‡∏Å‡πá‡∏î‡∏π‡πÅ‡∏•‡∏≠‡∏¢‡πà‡∏≤‡∏á‡∏î‡∏µ‡∏ó‡∏∏‡∏Å‡∏Ñ‡∏£‡∏±‡πâ‡∏á,2
31,"‡∏ä‡πà‡∏≤‡∏á‡πÉ‡∏´‡πâ‡∏Ñ‡∏≥‡∏ï‡∏≠‡∏ö ‡πÑ‡∏î‡πâ‡∏ó‡∏∏‡∏Å‡πÄ‡∏£‡∏∑‡πà‡∏≠‡∏á ‡∏Å‡∏≤‡∏£‡∏ö‡∏£‡∏¥‡∏Å‡∏≤‡∏£
 ‡∏î‡∏π‡πÅ‡∏• ‡∏ö‡∏£‡∏¥‡∏Å‡∏≤‡∏£‡∏£‡∏ß‡∏î‡πÄ‡∏£‡πá‡∏ß  ‡πÉ‡∏´‡πâ‡∏Ñ‡∏≥‡πÅ‡∏ô‡∏∞‡∏ô‡∏≥‡πÑ‡∏î‡πâ  ‡∏î‡∏µ‡∏°‡∏≤‡∏Å ‡∏Ñ‡∏£‡∏±‡∏ö",2
32,"‡∏ä‡πâ‡∏≤ ‡πÅ‡∏•‡∏∞‡πÑ‡∏°‡πà‡πÄ‡∏£‡∏µ‡∏¢‡∏ö‡∏£‡πâ‡∏≠‡∏¢ ‡πÅ‡∏à‡πâ‡∏á‡πÄ‡∏£‡∏∑‡πà‡∏≠‡∏á‡πÇ‡∏õ‡∏£‡πÅ‡∏Å‡∏£‡∏°  apple carplay ‡∏´‡∏≤‡∏¢‡πÑ‡∏õ‡∏à‡∏≤‡∏Å‡∏£‡∏ñ ‡∏´‡∏•‡∏±‡∏á‡∏à‡∏≤‡∏Å 5 ‡∏≠‡∏≤‡∏ó‡∏¥‡∏ï‡∏¢‡πå ‡∏°‡∏≤‡∏£‡∏±‡∏ö‡∏£‡∏ñ‡∏°‡∏≤‡πÑ‡∏°‡πà‡∏°‡∏µ app ‡∏î‡∏±‡∏á‡∏Å‡∏•‡πà‡∏≤‡∏ß‡πÄ‡∏´‡∏°‡∏∑‡∏≠‡∏ô‡πÄ‡∏î‡∏¥‡∏°‡∏Ñ‡πà‡∏∞ (‡∏ï‡πâ‡∏≠‡∏á‡πÅ‡∏à‡πâ‡∏á‡∏ú‡πà‡∏≤‡∏ô‡∏ß‡∏¥‡∏ò‡∏µ‡πÉ‡∏´‡πâ‡∏Ñ‡∏∞ ‡πÄ‡∏´‡∏ô‡∏∑‡πà‡∏≠‡∏¢‡∏°‡∏≤‡∏Å)
‡∏´‡∏•‡∏±‡∏á‡∏à‡∏≤‡∏Å‡∏¢‡∏Å‡∏£‡∏ñ‡πÑ‡∏õ‡πÅ‡∏•‡πâ‡∏ß‡πÑ‡∏°‡πà‡∏°‡∏µ‡∏û‡∏ô‡∏±‡∏Å‡∏á‡∏≤‡∏ô‡πÇ‡∏ó‡∏£‡∏°‡∏≤‡∏ñ‡∏≤‡∏°‡∏õ‡∏±‡∏ç‡∏´‡∏≤‡πÉ‡∏î‡πÜ ‡πÅ‡∏ï‡πà‡πÇ‡∏ó‡∏£‡∏°‡∏≤‡πÅ‡∏à‡πâ‡∏á‡∏ß‡πà‡∏≤‡∏£‡∏ñ‡πÄ‡∏£‡∏µ‡∏¢‡∏ö‡∏£‡πâ‡∏≠‡∏¢‡πÅ‡∏•‡πâ‡∏ß ‡∏Ñ‡∏ß‡∏£‡∏à‡∏∞‡πÇ‡∏ó‡∏£‡∏°‡∏≤‡∏ï‡∏±‡πâ‡∏á‡πÅ‡∏ï‡πà‡∏ß‡∏±‡∏ô‡∏£‡∏±‡∏ö‡∏£‡∏ñ‡∏ô‡∏∞‡∏Ñ‡∏∞ ‡πÄ‡∏û‡∏£‡∏≤‡∏∞‡∏•‡∏π‡∏Å‡∏Ñ‡πâ‡∏≤‡πÄ‡∏õ‡πá‡∏ô‡∏ú‡∏π‡πâ‡πÉ‡∏ä‡πâ‡∏á‡∏≤‡∏ô‡∏à‡∏∞‡πÑ‡∏î‡πâ‡πÅ‡∏à‡πâ‡∏á‡∏ß‡πà‡∏≤‡∏°‡∏µ‡∏õ‡∏±‡∏ç‡∏´‡∏≤‡πÉ‡∏î‡∏ö‡πâ‡∏≤‡∏á ‡∏Å‡πà‡∏≠‡∏ô‡∏ó‡∏µ‡πà‡∏à‡∏∞‡∏ã‡πà‡∏≠‡∏° ‡∏ó‡∏≥‡πÉ‡∏´‡πâ‡∏¢‡∏∑‡∏î‡πÄ‡∏ß‡∏•‡∏≤‡∏Å‡∏≤‡∏£‡∏ã‡πà‡∏≠‡∏°‡∏≠‡∏≠‡∏Å‡πÑ‡∏õ‡∏≠‡∏µ‡∏Å ‡∏Å‡∏≤‡∏£‡∏à‡∏±‡∏î‡∏Å‡∏£‡∏∞‡∏ö‡∏ß‡∏ô‡∏Å‡∏≤‡∏£ ‡∏Å‡∏≤‡∏£‡πÉ‡∏´‡πâ‡∏ö‡∏£‡∏¥‡∏Å‡∏≤‡∏£ ‡∏•‡∏≥‡∏î‡∏±‡∏ö‡∏Ç‡∏±‡πâ‡∏ô‡∏î‡∏µ‡πÜ ‡∏à‡∏∞‡πÄ‡∏Å‡∏¥‡∏î‡∏õ‡∏£‡∏∞‡∏™‡∏¥‡∏ó‡∏ò‡∏¥‡∏†‡∏≤‡∏û‡∏°‡∏≤‡∏Å‡∏Å‡∏ß‡πà‡∏≤‡∏ô‡∏µ‡πâ ‡πÅ‡∏•‡∏∞‡∏ó‡∏µ‡πà‡∏™‡∏≥‡∏Ñ‡∏±‡∏ç‡πÑ‡∏°‡πà‡πÄ‡∏™‡∏µ‡∏¢‡πÄ‡∏ß‡∏•‡∏≤‡πÅ‡∏ö‡∏ö‡∏ô‡∏µ‡πâ ‡πÉ‡∏ô‡∏™‡πà‡∏ß‡∏ô‡∏Ç‡∏≠‡∏á‡∏™‡∏µ‡∏£‡∏ñ‡∏ó‡∏≥‡πÄ‡∏£‡∏µ‡∏¢‡∏ö‡∏£‡πâ‡∏≠‡∏¢‡∏î‡∏µ‡∏Ñ‡πà‡∏∞",3
33,‡∏ï‡∏¥‡∏î‡∏ï‡∏≤‡∏°‡∏á‡∏≤‡∏ô‡∏î‡∏µ ‡∏£‡∏ñ‡∏≠‡∏≠‡∏Å‡∏Å‡πà‡∏≠‡∏ô‡πÄ‡∏ß‡∏•‡∏ó‡∏µ‡πà‡∏õ‡∏£‡∏∞‡πÄ‡∏°‡∏¥‡∏ô‡πÑ‡∏ß‡πâ ‡∏û‡∏π‡∏î‡∏à‡∏≤‡∏î‡∏µ ‡∏°‡∏µ‡∏Å‡∏≤‡πÅ‡∏ü‡∏î‡πâ‡∏ß‡∏¢,2
34,"‡∏ï‡∏¥‡∏î‡∏ï‡∏≤‡∏°‡∏õ‡∏±‡∏ç‡∏´‡∏≤‡πÅ‡∏•‡∏∞‡πÅ‡∏Å‡πâ‡πÑ‡∏Ç‡πÉ‡∏´‡πâ‡∏≠‡∏¢‡πà‡∏≤‡∏á‡∏£‡∏ß‡∏î‡πÄ‡∏£‡πá‡∏ß
‡πÇ‡∏ó‡∏£‡∏ï‡∏¥‡∏î‡∏ï‡πà‡∏≠‡∏ï‡∏≠‡∏ö‡∏Å‡∏•‡∏±‡∏ö‡∏£‡∏ß‡∏î‡πÄ‡∏£‡πá‡∏ß",2
35,"‡∏ï‡πâ‡∏≠‡∏á‡πÄ‡∏•‡∏∑‡∏≠‡∏Å‡πÅ‡∏ô‡∏∞‡∏ô‡∏≥‡πÉ‡∏´‡πâ‡πÄ‡∏´‡∏°‡∏≤‡∏∞‡∏Å‡∏±‡∏ö‡∏£‡∏≤‡∏¢‡πÑ‡∏î‡πâ‡∏Ç‡∏≠‡∏á‡πÄ‡∏û‡∏∑‡πà‡∏≠‡∏ô
‡πÅ‡∏•‡∏∞ ‡πÄ‡∏°‡∏∑‡πà‡∏≠‡∏ñ‡∏∂‡∏á‡∏£‡∏∞‡∏¢‡∏∞‡πÄ‡∏ã‡∏≠‡∏£‡πå‡∏ß‡∏¥‡∏™‡∏Ñ‡∏¥‡∏ß‡πÄ‡∏ã‡∏≠‡∏£‡πå‡∏ß‡∏¥‡∏™‡∏¢‡∏≤‡∏ß ‡∏ï‡πâ‡∏≠‡∏á plan
‡∏•‡πà‡∏ß‡∏á‡∏´‡∏ô‡πâ‡∏≤‡πÉ‡∏´‡πâ‡∏î‡∏µ‡∏´‡∏≤‡∏Å‡∏ï‡πâ‡∏≠‡∏á‡πÉ‡∏ä‡πâ‡∏£‡∏ñ‡πÄ‡∏î‡∏¥‡∏ô‡∏ó‡∏≤‡∏á‡πÑ‡∏Å‡∏•",2
36,‡∏ó‡∏≤‡∏á‡∏®‡∏π‡∏ô‡∏¢‡πå‡∏ö‡∏£‡∏¥‡∏Å‡∏≤‡∏£ ‡πÅ‡∏•‡∏∞ ‡∏Ñ‡∏∏‡∏ì‡πÄ‡∏•‡∏≠‡∏û‡∏á‡∏Ñ‡πå‡∏î‡∏π‡πÅ‡∏•‡∏•‡∏π‡∏Å‡∏Ñ‡πâ‡∏≤‡∏î‡∏µ‡πÄ‡∏¢‡∏µ‡πà‡∏¢‡∏°,2
37,‡∏ó‡∏≤‡∏á‡πÄ‡∏ã‡∏•‡∏•‡πå‡∏´‡∏£‡∏∑‡∏≠‡∏û‡∏ô‡∏±‡∏Å‡∏á‡∏≤‡∏ô‡∏´‡∏ô‡πâ‡∏≤‡∏£‡πâ‡∏≤‡∏ô‡πÑ‡∏°‡πà‡πÑ‡∏î‡πâ‡∏°‡∏µ‡∏Ç‡πâ‡∏≠‡∏°‡∏π‡∏•‡πÄ‡∏û‡∏µ‡∏¢‡∏á‡∏û‡∏≠‡πÉ‡∏´‡πâ‡∏•‡∏π‡∏Å‡∏Ñ‡πâ‡∏≤‡πÉ‡∏ô‡∏Å‡∏≤‡∏£‡πÄ‡∏Ç‡πâ‡∏≤‡∏£‡∏±‡∏ö‡∏ö‡∏£‡∏¥‡∏Å‡∏≤‡∏£‡πÉ‡∏ô‡πÅ‡∏ï‡πà‡∏•‡∏∞‡∏Ñ‡∏£‡∏±‡πâ‡∏á ‡πÄ‡∏ä‡πà‡∏ô ‡∏Å‡∏≤‡∏£‡πÄ‡∏Ç‡πâ‡∏≤‡∏£‡∏±‡∏ö‡∏ö‡∏£‡∏¥‡∏Å‡∏≤‡∏£‡∏ñ‡πà‡∏≤‡∏¢‡∏ô‡πâ‡∏≥‡∏°‡∏±‡∏ô‡πÄ‡∏Ñ‡∏£‡∏∑‡πà‡∏≠‡∏á ‡πÄ‡∏ã‡∏•‡∏•‡πå‡πÅ‡∏•‡∏∞‡∏û‡∏ô‡∏±‡∏Å‡∏á‡∏≤‡∏ô‡∏´‡∏ô‡πâ‡∏≤‡∏£‡πâ‡∏≤‡∏ô‡πÑ‡∏°‡πà‡∏™‡∏≤‡∏°‡∏≤‡∏£‡∏ñ‡πÉ‡∏´‡πâ‡∏Ñ‡∏≥‡∏ï‡∏≠‡∏ö‡πÑ‡∏î‡πâ‡∏ß‡πà‡∏≤‡∏ï‡πâ‡∏≠‡∏á‡πÄ‡∏ä‡πá‡∏Ñ‡∏£‡∏∞‡∏¢‡∏∞‡∏ó‡∏µ‡πà‡πÄ‡∏ó‡πà‡∏≤‡πÑ‡∏´‡∏£‡πà‡∏ö‡πâ‡∏≤‡∏á ‡πÑ‡∏°‡πà‡πÑ‡∏î‡πâ‡∏™‡πà‡∏á‡∏á‡∏≤‡∏ô‡∏ï‡πà‡∏≠‡πÉ‡∏´‡πâ‡πÄ‡∏ã‡∏•‡∏•‡πå‡∏Ñ‡∏ô‡∏≠‡∏∑‡πà‡∏ô‡∏ó‡∏µ‡πà‡∏°‡∏≤‡∏£‡∏±‡∏ö‡∏á‡∏≤‡∏ô ‡πÄ‡∏ß‡∏•‡∏≤‡∏ñ‡∏≤‡∏°‡πÄ‡∏£‡∏∑‡πà‡∏≠‡∏á‡∏ã‡πà‡∏≠‡∏°‡∏™‡∏µ ‡πÄ‡∏£‡∏∑‡πà‡∏≠‡∏á‡∏ó‡∏∞‡πÄ‡∏ö‡∏µ‡∏¢‡∏ô ‡∏´‡∏£‡∏∑‡∏≠‡∏õ‡∏±‡∏ç‡∏´‡∏≤‡∏≠‡∏¢‡πà‡∏≤‡∏á‡∏≠‡∏∑‡πà‡∏ô‡πÑ‡∏õ‡∏´‡∏•‡∏≤‡∏¢‡∏≠‡∏¢‡πà‡∏≤‡∏á‡∏û‡∏£‡πâ‡∏≠‡∏°‡∏Å‡∏±‡∏ô ‡∏à‡∏∞‡πÑ‡∏î‡πâ‡∏Ñ‡∏≥‡∏ï‡∏≠‡∏ö‡∏°‡∏≤‡πÄ‡∏û‡∏µ‡∏¢‡∏á‡∏Ñ‡∏≥‡∏ñ‡∏≤‡∏°‡πÄ‡∏î‡∏µ‡∏¢‡∏ß ‡πÅ‡∏ï‡πà‡∏ä‡πà‡∏≤‡∏á‡∏´‡∏£‡∏∑‡∏≠‡∏à‡∏µ‡πÄ‡∏ô‡∏µ‡∏¢‡∏™‡πÉ‡∏´‡πâ‡∏ö‡∏£‡∏¥‡∏Å‡∏≤‡∏£‡∏î‡∏µ ‡πÅ‡∏•‡∏∞‡∏°‡∏µ‡∏Å‡∏≤‡∏£‡πÄ‡∏™‡∏ô‡∏≠‡∏ô‡πâ‡∏≥‡∏î‡∏∑‡πà‡∏° ‡πÉ‡∏´‡πâ‡∏Ñ‡∏≥‡∏ï‡∏≠‡∏ö‡∏û‡∏£‡πâ‡∏≠‡∏° ‡∏´‡∏•‡∏±‡∏á‡∏ö‡πâ‡∏≤‡∏ô‡∏ï‡∏≠‡∏ö‡πÄ‡∏£‡πá‡∏ß,3
38,‡∏ô‡∏±‡∏î‡πÅ‡∏•‡πâ‡∏ß ‡∏¢‡∏±‡∏á‡∏ï‡πâ‡∏≠‡∏á‡∏£‡∏≠ 1 ‡∏ä‡∏°. ‡πÅ‡∏Ñ‡πà‡πÉ‡∏ö‡∏£‡∏±‡∏ö‡∏£‡∏ñ ‡πÑ‡∏°‡πà‡∏°‡∏µ‡∏Å‡∏≤‡∏£‡∏ï‡∏£‡∏ß‡∏à‡∏™‡∏†‡∏≤‡∏û ‡∏£‡∏ñ‡∏¢‡∏ô‡∏ï‡πå ‡∏Å‡πà‡∏≠‡∏ô‡πÅ‡∏•‡∏∞ ‡∏´‡∏•‡∏±‡∏á‡∏£‡∏±‡∏ö ‡∏ö‡∏£‡∏¥‡∏Å‡∏≤‡∏£ ‡∏£‡∏±‡∏ö‡∏Å‡∏•‡∏±‡∏ö‡∏°‡∏≤‡πÄ‡∏à‡∏≠‡∏£‡∏ñ‡πÄ‡∏õ‡πá‡∏ô‡∏£‡∏≠‡∏¢ ‡πÑ‡∏°‡πà‡∏°‡∏µ‡∏Å‡∏≤‡∏£ ‡∏≠‡∏ò‡∏¥‡∏ö‡∏≤‡∏¢ ‡∏ß‡πà‡∏≤ ‡∏ö‡∏£‡∏¥‡∏Å‡∏≤‡∏£‡∏≠‡∏∞‡πÑ‡∏£‡πÑ‡∏õ‡∏ö‡πâ‡∏≤‡∏á,2
39,‡∏ô‡πâ‡∏≠‡∏á sales ‡∏ô‡πà‡∏≤‡∏£‡∏±‡∏Å‡∏°‡∏≤‡∏Å‡∏Ñ‡πà‡∏∞ ‡∏ï‡∏¥‡∏î‡∏ï‡∏≤‡∏°‡∏á‡∏≤‡∏ô ‡∏•‡∏Ñ.‡∏≠‡∏¢‡∏≤‡∏Å‡πÑ‡∏î‡πâ‡∏≠‡∏∞‡πÑ‡∏£ ‡∏Å‡πá‡∏£‡∏µ‡∏ö‡∏î‡∏≥‡πÄ‡∏ô‡∏¥‡∏ô‡∏Å‡∏≤‡∏£‡πÉ‡∏´‡πâ‡∏Ñ‡πà‡∏∞ ‡∏™‡∏∏‡∏î‡∏¢‡∏≠‡∏î‡∏°‡∏≤‡∏Å‡∏Ñ‡πà‡∏∞,2
40,‡∏ô‡πâ‡∏≠‡∏á‡∏ö‡∏≠‡∏™ ‡∏î‡∏π‡πÅ‡∏•‡∏ó‡∏±‡πâ‡∏á‡∏Å‡πà‡∏≠‡∏ô‡πÅ‡∏•‡∏∞‡∏´‡∏•‡∏±‡∏á‡∏Å‡∏≤‡∏£‡∏Ç‡∏≤‡∏¢‡∏î‡∏µ‡∏°‡∏≤‡∏Å‡πÜ‡∏Ñ‡∏£‡∏±‡∏ö ‡∏ú‡∏°‡∏°‡∏≤‡∏à‡∏≤‡∏Å‡∏£‡∏ñ‡∏ç‡∏µ‡πà‡∏õ‡∏∏‡πà‡∏ô ‡πÑ‡∏°‡πà‡∏Ñ‡∏¥‡∏î‡∏ß‡πà‡∏≤‡∏£‡∏ñ‡∏¢‡∏∏‡πÇ‡∏£‡∏õ‡∏à‡∏∞‡∏î‡∏π‡πÅ‡∏•‡∏î‡∏µ‡∏Ç‡∏ô‡∏≤‡∏î‡∏ô‡∏µ‡πâ ‡πÑ‡∏°‡πà‡πÄ‡∏´‡∏¢‡∏µ‡∏¢‡∏î‡πÅ‡∏•‡∏∞‡πÉ‡∏´‡πâ‡πÄ‡∏Å‡∏µ‡∏¢‡∏£‡∏ï‡∏¥‡∏•‡∏π‡∏Å‡∏Ñ‡πâ‡∏≤ ‡∏°‡∏µ‡πÇ‡∏≠‡∏Å‡∏≤‡∏™‡∏ã‡∏∑‡πâ‡∏≠‡∏Å‡∏±‡∏ö‡∏ô‡πâ‡∏≠‡∏á‡πÅ‡∏ô‡πà‡∏ô‡∏≠‡∏ô‡∏Ñ‡∏£‡∏±‡∏ö,2
41,‡∏ô‡πâ‡∏≠‡∏á‡πÉ‡∏´‡πâ‡∏ö‡∏£‡∏¥‡∏Å‡∏≤‡∏£‡∏Å‡∏±‡∏ö‡∏ï‡∏≠‡∏ö‡∏Ñ‡∏≥‡∏ñ‡∏≤‡∏° ‡∏î‡∏µ‡∏Ñ‡πà‡∏∞  ‡πÄ‡∏™‡∏µ‡∏¢‡∏î‡∏≤‡∏¢‡∏ô‡πà‡∏≤‡∏ã‡∏∑‡πâ‡∏≠‡∏ó‡∏µ‡πà‡∏®‡∏π‡∏ô‡∏¢‡πå‡∏ô‡∏µ‡πâ‡∏Ñ‡πà‡∏∞  ‡∏ï‡∏≠‡∏ô.‡∏ã‡∏∑‡πâ‡∏≠‡∏ó‡∏µ‡πà ‡∏Å‡∏ó‡∏° ‡πÄ‡∏ã‡∏•‡∏≠‡∏≠‡∏Å ‡∏ï‡∏¥‡∏î‡∏ï‡πà‡∏≠ ‡πÑ‡∏°‡πà‡πÑ‡∏î‡πâ‡πÄ‡∏•‡∏¢‡∏Ñ‡πà‡∏∞,2
42,‡∏ö‡∏£‡∏¥‡∏Å‡∏≤‡∏£ / ‡πÉ‡∏´‡πâ‡∏Ç‡πâ‡∏≠‡∏°‡∏π‡∏• / ‡∏ï‡∏¥‡∏î‡∏ï‡πà‡∏°‡∏á‡∏≤‡∏ô ‡∏î‡∏µ‡∏°‡∏≤‡∏Å,2
43,‡∏ö‡∏£‡∏¥‡∏Å‡∏≤‡∏£‡∏î‡∏µ (‡∏¢‡∏π‡πÇ‡∏£‡∏õ‡πâ‡∏≤ ‡∏™‡∏≤‡∏Ç‡∏≤‡∏£‡∏≤‡∏ä‡∏û‡∏§‡∏Å‡∏©‡πå) ‡πÉ‡∏´‡πâ‡∏Ñ‡∏≥‡πÅ‡∏ô‡∏∞‡∏ô‡∏≥ ‡∏ó‡∏µ‡πà‡πÄ‡∏õ‡πá‡∏ô‡∏õ‡∏£‡∏∞‡πÇ‡∏¢‡∏ä‡∏ô‡πå ‡∏ï‡πà‡∏≠‡∏•‡∏π‡∏Å‡∏Ñ‡πâ‡∏≤,2
44,‡∏ö‡∏£‡∏¥‡∏Å‡∏≤‡∏£‡∏î‡∏µ ‡πÅ‡∏Å‡πâ‡∏õ‡∏±‡∏ç‡∏´‡∏≤‡∏ï‡∏£‡∏á‡∏à‡∏∏‡∏î,2
45,‡∏ö‡∏£‡∏¥‡∏Å‡∏≤‡∏£‡∏î‡∏µ‡∏°‡∏≤‡∏Å‡∏Ñ‡∏£‡∏±‡∏ö ‡πÉ‡∏™‡πà‡πÉ‡∏à‡∏•‡∏π‡∏Å‡∏Ñ‡πâ‡∏≤ *‡∏™‡∏≤‡∏Ç‡∏≤‡∏ö‡∏≤‡∏á‡∏ô‡∏≤,2
46,‡∏ö‡∏£‡∏¥‡∏Å‡∏≤‡∏£‡∏£‡∏ß‡∏î‡πÄ‡∏£‡πá‡∏ß ‡∏£‡∏ñ‡πÑ‡∏°‡πà‡∏Ñ‡πà‡∏≠‡∏¢‡∏°‡∏µ‡∏õ‡∏±‡∏ç‡∏´‡∏≤,2
47,‡∏ö‡∏£‡∏¥‡∏Å‡∏≤‡∏£‡∏´‡∏•‡∏±‡∏á‡∏Å‡∏≤‡∏£‡∏Ç‡∏≤‡∏¢ ‡πÅ‡∏•‡∏∞‡∏Ñ‡∏∏‡∏ì‡∏†‡∏≤‡∏û‡∏£‡∏ñ‡∏¢‡∏ô‡∏ï‡πå,2
48,‡∏ö‡∏£‡∏¥‡∏Å‡∏≤‡∏£‡πÅ‡∏¢‡πà ‡∏ô‡∏≤‡∏ô ‡πÑ‡∏°‡πà‡πÅ‡∏à‡πâ‡∏á ‡∏ï‡πâ‡∏≠‡∏á‡∏Ñ‡∏≠‡∏¢‡πÇ‡∏ó‡∏£‡∏ñ‡∏≤‡∏° ‡πÑ‡∏õ‡∏ï‡∏≤‡∏°‡∏ñ‡∏∂‡∏á‡∏®‡∏π‡∏ô‡∏¢‡πå‡∏ö‡∏£‡∏¥‡∏Å‡∏≤‡∏£‡∏ô‡πâ‡∏≥‡∏™‡∏±‡∏Å‡πÅ‡∏Å‡πâ‡∏ß‡πÑ‡∏°‡πà‡πÄ‡∏Ñ‡∏¢‡πÑ‡∏î‡πâ‡∏Å‡∏¥‡∏ô,2
49,‡∏ö‡∏£‡∏¥‡∏Å‡∏≤‡∏£‡πÉ‡∏Å‡∏•‡πâ‡∏ä‡∏¥‡∏î  ‡∏£‡∏ñ‡∏°‡∏µ‡∏õ‡∏±‡∏ç‡∏´‡∏≤ ‡∏Å‡πá‡πÑ‡∏î‡πâ‡∏Å‡∏≤‡∏£‡∏ä‡πà‡∏ß‡∏¢‡πÄ‡∏´‡∏•‡∏∑‡∏≠‡πÅ‡∏Å‡πâ‡πÉ‡∏Ç‡πÉ‡∏´‡πâ,2
50,‡∏õ‡∏£‡∏∞‡∏ó‡∏±‡∏ö‡πÉ‡∏à service ‡∏Ç‡∏≠‡∏á  Millenium Auto Rama 3 ‡∏û‡∏µ‡πà‡∏à‡∏¥‡∏°‡∏°‡∏µ‡πà ‡πÅ‡∏•‡∏∞ ‡∏Ñ‡∏∏‡∏ì‡∏õ‡∏£‡∏∞‡∏à‡∏±‡∏Å‡∏©‡πå ‡∏î‡∏π‡πÅ‡∏•‡∏î‡∏µ‡∏°‡∏≤‡∏Å‡πÜ ‡∏ä‡πà‡∏ß‡∏¢‡πÅ‡∏Å‡πâ‡πÑ‡∏Ç‡∏õ‡∏±‡∏ç‡∏´‡∏≤‡πÑ‡∏î‡πâ‡∏ó‡∏∏‡∏Å‡∏≠‡∏¢‡πà‡∏≤‡∏á,2
51,‡∏õ‡∏£‡∏∞‡∏ó‡∏±‡∏ö‡πÉ‡∏à‡πÄ‡∏ã‡∏•‡∏•‡πå‡∏Ç‡∏≤‡∏¢‡∏ö‡∏£‡∏¥‡∏Å‡∏≤‡∏£‡∏î‡∏µ ‡∏î‡∏π‡πÄ‡πÄ‡∏•‡∏î‡∏µ‡∏ó‡∏±‡πâ‡∏á‡∏Å‡πà‡∏≠‡∏ô‡∏ã‡∏∑‡πâ‡∏≠‡πÄ‡πÄ‡∏•‡∏∞‡∏´‡∏•‡∏±‡∏á‡∏£‡∏±‡∏ö‡∏£‡∏ñ‡∏Ñ‡πà‡∏∞,2
52,‡∏õ‡∏±‡∏ç‡∏´‡∏≤‡∏Å‡πâ‡∏≤‡∏ô‡∏õ‡∏±‡∏î‡∏ô‡πâ‡∏≥‡∏ù‡∏ô‡∏™‡∏∞‡∏î‡∏∏‡∏î ‡∏ï‡∏¥‡∏î‡∏ï‡πà‡∏≠ 3 ‡∏®‡∏π‡∏ô‡∏¢‡πå‡πÅ‡∏•‡πâ‡∏ß‡πÅ‡∏Å‡πâ‡πÑ‡∏°‡πà‡πÑ‡∏î‡πâ ‡∏Ñ‡∏∑‡∏≠‡πÑ‡∏°‡πà‡πÅ‡∏Å‡πâ‡πÉ‡∏´‡πâ ‡∏°‡∏≤‡∏à‡∏ö‡∏ó‡∏µ‡πà‡πÄ‡∏¢‡∏≠‡∏£‡∏°‡∏±‡∏ô‡∏ô‡∏µ‡πâ ‡∏ö‡∏£‡∏¥‡∏Å‡∏≤‡∏£‡∏î‡∏µ‡∏°‡∏≤‡∏Å‡πÜ‡πÜ ‡∏ï‡∏≠‡∏ô‡∏ô‡∏µ‡πâ‡∏õ‡∏±‡∏î‡πÑ‡∏°‡πà‡∏™‡∏∞‡∏î‡∏∏‡∏î‡πÅ‡∏•‡πâ‡∏ß ‡∏î‡∏µ‡πÉ‡∏à‡∏ó‡∏µ‡πà‡πÄ‡∏à‡∏≠‡∏®‡∏π‡∏ô‡∏¢‡πå‡∏ó‡∏µ‡πà‡∏î‡∏µ ‡∏û‡∏£‡πâ‡∏≠‡∏°‡πÄ‡∏Ç‡πâ‡∏≤ service ‡∏ï‡πà‡∏≠‡∏à‡∏≤‡∏Å‡∏ô‡∏µ‡πâ‡πÅ‡∏•‡πâ‡∏ß,2
53,‡∏ù‡πà‡∏≤‡∏¢‡∏Ç‡∏≤‡∏¢ ‡∏î‡∏π‡πÅ‡∏• ‡πÄ‡∏õ‡πá‡∏ô‡∏≠‡∏¢‡πà‡∏≤‡∏á‡∏î‡∏µ ‡πÉ‡∏´‡πâ ‡∏Ç‡πâ‡∏≠‡∏°‡∏π‡∏•‡∏ó‡∏µ‡πà‡∏ä‡∏±‡∏î‡πÄ‡∏à‡∏ô ‡∏≠‡∏±‡∏ò‡∏¢‡∏≤‡∏®‡∏±‡∏¢ ‡∏î‡∏µ ‡πÅ‡∏•‡∏∞ ‡πÄ‡∏ï‡πá‡∏°‡πÉ‡∏à ‡∏ä‡πà‡∏ß‡∏¢‡πÄ‡∏´‡∏•‡∏∑‡∏≠ ‡∏ï‡∏•‡∏≠‡∏î ‡πÄ‡∏ß‡∏•‡∏≤ ‡πÅ‡∏°‡πâ ‡∏Å‡∏£‡∏∞‡∏ó‡∏±‡πâ‡∏á ‡∏ô‡∏≠‡∏Å‡πÄ‡∏ß‡∏•‡∏≤ ‡∏á‡∏≤‡∏ô ‡πÉ‡∏ô‡∏ö‡∏≤‡∏á‡∏Ñ‡∏£‡∏±‡πâ‡∏á,2
54,‡∏û‡∏ô‡∏±‡∏Å‡∏á‡∏≤‡∏ô‡∏ó‡∏µ‡πà‡∏ï‡∏¥‡∏î‡∏ï‡πà‡∏≠‡πÄ‡∏û‡∏∑‡πà‡∏≠‡∏£‡∏±‡∏ö‡∏£‡∏ñ ‡πÄ‡∏Ñ‡∏≤‡∏ß‡πå‡πÄ‡∏ï‡∏≠‡∏£‡πå‡∏î‡πâ‡∏≤‡∏ô‡πÉ‡∏ô  ‡∏Å‡∏£‡∏¥‡∏¢‡∏≤‡∏°‡∏≤‡∏£‡∏¢‡∏≤‡∏ó ‡∏°‡∏µ‡∏ô‡∏≥‡πâ‡πÉ‡∏à‡∏ä‡πà‡∏ß‡∏¢‡πÄ‡∏´‡∏•‡∏∑‡∏≠‡∏î‡∏µ‡∏°‡∏≤‡∏Å  ‡∏ó‡∏µ‡πà‡∏´‡∏±‡∏Å 1 ‡∏Ñ‡∏∞‡πÅ‡∏ô‡∏ô‡πÄ‡∏û‡∏£‡∏≤‡∏∞‡πÅ‡∏ú‡∏ô‡∏Å‡∏ó‡∏µ‡πà‡∏•‡πâ‡∏≤‡∏á‡∏£‡∏ñ ‡∏¢‡∏±‡∏á‡πÑ‡∏°‡πà‡∏Ñ‡πà‡∏≠‡∏¢‡∏ñ‡πâ‡∏ß‡∏ô‡∏ñ‡∏µ‡πà‡πÄ‡∏´‡∏°‡∏∑‡∏≠‡∏ô‡∏£‡∏µ‡∏ö‡πÜ‡∏ó‡∏≥  ‡∏Å‡∏£‡∏∞‡∏à‡∏Å‡∏°‡∏µ‡∏Ñ‡∏£‡∏≤‡∏ö‡πÄ‡∏ä‡πá‡∏î‡∏Å‡∏•‡∏±‡∏ö‡∏°‡∏≤‡πÄ‡∏≠‡∏á‡∏≠‡∏≠‡∏Å‡∏¢‡∏≤‡∏Å,2
55,‡∏û‡∏ô‡∏±‡∏Å‡∏á‡∏≤‡∏ô‡∏ó‡∏µ‡πà‡∏£‡∏±‡∏ö‡∏£‡∏ñ‡∏ï‡∏≠‡∏ô‡πÄ‡∏≠‡∏≤‡∏£‡∏ñ‡πÑ‡∏õ‡∏ã‡πà‡∏≠‡∏°‡πÉ‡∏´‡πâ‡∏Ñ‡∏ß‡∏≤‡∏°‡∏£‡∏π‡πâ‡πÅ‡∏•‡∏∞‡∏Ñ‡∏≥‡πÅ‡∏ô‡∏∞‡∏ô‡∏≥‡∏î‡∏µ‡∏°‡∏≤‡∏Å‡∏Ñ‡πà‡∏∞  ‡πÉ‡∏ä‡πâ‡πÄ‡∏ß‡∏•‡∏≤‡πÉ‡∏ô‡∏Å‡∏≤‡∏£‡∏ã‡πà‡∏≠‡∏°‡πÄ‡∏£‡πá‡∏ß‡∏î‡∏µ‡∏Ñ‡πà‡∏∞,2
56,‡∏û‡∏ô‡∏±‡∏Å‡∏á‡∏≤‡∏ô‡∏ö‡∏£‡∏¥‡∏Å‡∏≤‡∏£‡∏î‡∏µ ‡∏™‡∏∏‡∏†‡∏≤‡∏û ‡πÉ‡∏™‡πà‡πÉ‡∏à‡∏•‡∏π‡∏Å‡∏Ñ‡πâ‡∏≤  ‡∏°‡∏µ‡∏≠‡∏≤‡∏´‡∏≤‡∏£‡πÅ‡∏•‡∏∞‡πÄ‡∏Ñ‡∏£‡∏∑‡πà‡∏≠‡∏á‡∏î‡∏∑‡πà‡∏°‡∏ö‡∏£‡∏¥‡∏Å‡∏≤‡∏£‡∏ï‡∏•‡∏≠‡∏î ‡πÅ‡∏•‡∏∞ Pet friendly,2
57,‡∏û‡∏ô‡∏±‡∏Å‡∏á‡∏≤‡∏ô‡πÅ‡∏Å‡πâ‡πÑ‡∏Ç‡∏õ‡∏±‡∏ç‡∏´‡∏≤‡πÅ‡∏•‡∏∞‡πÉ‡∏´‡πâ‡∏Ñ‡∏≥‡πÅ‡∏ô‡∏∞‡∏ô‡∏≥‡∏ó‡∏µ‡πà‡∏î‡∏µ,2
58,‡∏û‡∏ô‡∏±‡∏Å‡∏á‡∏≤‡∏ô‡πÇ‡∏ó‡∏£‡πÅ‡∏à‡πâ‡∏á‡∏Å‡∏≤‡∏£‡∏ã‡πà‡∏≠‡∏°‡∏ß‡πà‡∏≤‡∏ñ‡∏∂‡∏á‡∏Ç‡∏±‡πâ‡∏ô‡∏ï‡∏≠‡∏ô‡πÑ‡∏´‡∏ô‡πÅ‡∏•‡πâ‡∏ß ‡∏£‡∏ß‡∏°‡∏ñ‡∏∂‡∏á‡∏ï‡∏≠‡∏ô‡∏£‡∏ñ‡πÄ‡∏™‡∏£‡πá‡∏à‡πÄ‡∏£‡∏µ‡∏¢‡∏ö‡∏£‡πâ‡∏≠‡∏¢,2
59,‡∏û‡∏ô‡∏±‡∏Å‡∏á‡∏≤‡∏ô‡πÉ‡∏´‡πâ‡∏ö‡∏£‡∏¥‡∏Å‡∏≤‡∏£‡πÄ‡∏õ‡πá‡∏ô‡∏≠‡∏¢‡πà‡∏≤‡∏á‡∏î‡∏µ ‡πÄ‡∏≠‡∏≤‡πÉ‡∏à‡πÉ‡∏™‡πà ‡πÉ‡∏´‡πâ‡∏Ñ‡∏≥‡πÅ‡∏ô‡∏∞‡∏ô‡∏≥ ‡πÅ‡∏•‡∏∞‡πÅ‡∏à‡πâ‡∏á‡πÄ‡∏£‡∏∑‡πà‡∏≠‡∏á‡∏Å‡∏≤‡∏£‡∏ï‡∏¥‡∏î‡∏ï‡πà‡∏≠‡∏≠‡∏≠‡∏ô‡πÑ‡∏•‡∏ô‡πå‡∏´‡∏£‡∏∑‡∏≠ add line ‡πÑ‡∏õ‡∏¢‡∏±‡∏á‡∏®‡∏π‡∏ô‡∏¢‡πå‡πÇ‡∏î‡∏¢‡∏ï‡∏£‡∏á ‡∏ã‡∏∂‡πà‡∏á‡∏î‡∏µ‡∏°‡∏≤‡∏Å‡πÜ ‡∏£‡∏ñ‡πÄ‡∏£‡∏µ‡∏¢‡∏ö‡∏£‡πâ‡∏≠‡∏¢ ‡∏ù‡∏≤‡∏Å‡∏Ç‡∏≠‡∏ö‡∏Ñ‡∏∏‡∏ì‡∏ô‡πâ‡∏≠‡∏á‡∏ß‡∏±‡∏ô‡∏ó‡∏ì‡∏µ‡∏¢‡πå ‡∏´‡∏£‡∏∑‡∏≠‡∏ô‡πâ‡∏≠‡∏á‡πÄ‡∏°‡∏¢‡πå‡πÅ‡∏•‡∏∞‡∏ó‡∏µ‡∏°‡∏ä‡πà‡∏≤‡∏á‡∏î‡πâ‡∏ß‡∏¢‡∏Ñ‡πà‡∏∞ ‡∏Ç‡∏≠‡∏ö‡∏Ñ‡∏∏‡∏ì‡∏°‡∏≤‡∏Å‡πÜ,2
60,‡∏û‡∏≠‡πÉ‡∏à‡∏Å‡∏±‡∏ö‡∏£‡∏ñ bmw ‡∏ó‡∏µ‡πà‡∏ã‡∏∑‡πâ‡∏≠‡∏°‡∏≤‡πÉ‡∏ä‡πâ,2
61,‡∏û‡∏±‡∏í‡∏ô‡∏≤‡∏ï‡πà‡∏≠‡πÄ‡∏ô‡∏∑‡πà‡∏≠‡∏á‡∏î‡πâ‡∏≤‡∏ô ‡∏ô‡∏ß‡∏±‡∏ï‡∏Å‡∏£‡∏£‡∏°‡∏î‡∏µ ‡πÅ‡∏ï‡πà‡∏ä‡πà‡∏ß‡∏á‡∏ó‡∏µ‡πà‡∏ú‡πà‡∏≤‡∏ô‡∏°‡∏≤‡∏õ‡∏£‡∏±‡∏ö‡∏£‡∏≤‡∏Ñ‡∏≤‡∏´‡∏•‡∏±‡∏á‡∏Å‡∏≤‡∏£‡∏à‡∏≠‡∏á‡∏≠‡∏¢‡πà‡∏≤‡∏á‡πÑ‡∏£‡πâ‡πÄ‡∏´‡∏ï‡∏∏‡∏ú‡∏• ‡∏ã‡∏∂‡πà‡∏á‡∏ó‡∏≥‡πÉ‡∏´‡πâ‡πÑ‡∏°‡πà‡∏≠‡∏¢‡∏≤‡∏Å‡∏ã‡∏∑‡πâ‡∏≠‡πÉ‡∏ô‡∏Ñ‡∏£‡∏±‡πâ‡∏á‡∏ï‡πà‡∏≠‡πÜ ‡πÑ‡∏õ ‡πÅ‡∏•‡∏∞‡πÑ‡∏î‡πâ‡∏ö‡∏≠‡∏Å‡∏ï‡πà‡∏≠‡πÄ‡∏û‡∏∑‡πà‡∏≠‡∏ô‡πÜ ‡πÄ‡∏£‡∏∑‡πà‡∏≠‡∏á‡∏ô‡∏µ‡πâ ‡πÇ‡∏î‡∏¢‡∏°‡∏µ‡∏´‡∏•‡∏≤‡∏¢‡∏Ñ‡∏ô‡∏û‡∏ö‡∏õ‡∏±‡∏ç‡∏´‡∏≤‡πÄ‡∏î‡∏µ‡∏¢‡∏ß‡∏Å‡∏±‡∏ô,3
62,"‡∏°‡∏µ‡∏Å‡∏≤‡∏£‡∏ï‡∏¥‡∏î‡∏ï‡∏≤‡∏°‡∏•‡∏π‡∏Å‡∏Ñ‡πâ‡∏≤‡∏ó‡∏±‡πâ‡∏á‡∏£‡∏∞‡∏ö‡∏ö
‡∏°‡∏µ‡∏Å‡∏≤‡∏£‡∏ï‡∏£‡∏ß‡∏à‡∏™‡∏≠‡∏ö‡∏´‡∏•‡∏±‡∏á‡πÉ‡∏´‡πâ‡∏ö‡∏£‡∏¥‡∏Å‡∏≤‡∏£‡∏ó‡∏µ‡πà‡∏î‡∏µ",2
63,‡∏°‡∏µ‡∏ú‡∏π‡πâ‡πÉ‡∏´‡πâ‡∏ö‡∏£‡∏¥‡∏Å‡∏≤‡∏£‡∏î‡∏µ  ‡πÅ‡∏ï‡πà‡∏Ñ‡∏ß‡∏≤‡∏°‡∏£‡∏ß‡∏î‡πÄ‡∏£‡πá‡∏ß‡∏•‡∏î‡∏•‡∏á‡πÅ‡∏•‡∏∞‡πÉ‡∏™‡πà‡πÉ‡∏à‡∏ô‡πâ‡∏≠‡∏¢  ‡∏Å‡∏≤‡∏£‡∏ï‡πâ‡∏≠‡∏ô‡∏£‡∏±‡∏ö‡πÑ‡∏°‡πà‡πÄ‡∏ï‡πá‡∏°‡∏£‡πâ‡∏≠‡∏¢,2
64,‡∏°‡∏µ‡∏ß‡∏≤‡∏£‡∏±‡∏ô‡∏ï‡∏£‡∏µ‡∏î‡∏π‡πÅ‡∏•  ‡πÅ‡∏•‡∏∞‡∏°‡∏µ BSI ‡πÄ‡∏õ‡∏•‡∏µ‡πà‡∏¢‡∏ô‡∏ñ‡πà‡∏≤‡∏¢‡∏Ç‡∏≠‡∏á‡πÄ‡∏´‡∏•‡∏ß‡∏£‡∏∞‡∏´‡∏ß‡πà‡∏≤‡∏á‡∏Å‡∏≤‡∏£‡πÉ‡∏ä‡πâ‡∏£‡∏ñ,2
65,‡∏£‡∏ñ BM ‡∏Ç‡∏±‡∏ö‡∏î‡∏µ‡∏°‡∏≤‡∏Å‡πÜ‡πÅ‡∏•‡∏∞‡∏û‡∏ô‡∏±‡∏Å‡∏á‡∏≤‡∏ô‡∏ö‡∏£‡∏¥‡∏Å‡∏≤‡∏£‡∏£‡∏±‡∏ö‡πÄ‡∏£‡∏∑‡πà‡∏≠‡∏á‡πÄ‡∏Å‡∏µ‡πà‡∏¢‡∏ß‡∏Å‡∏±‡∏ö‡∏£‡∏ñ ‡∏ä‡∏∑‡πà‡∏≠ ‡∏ö‡∏≠‡∏• ‡∏≠‡∏¢‡∏π‡πà‡∏¢‡∏π‡πÇ‡∏£‡∏õ‡πâ‡∏≤‡∏à‡∏£‡∏±‡∏™ ‡∏ô‡∏¥‡∏™‡∏±‡∏¢‡∏î‡∏µ‡∏°‡∏≤‡∏Å‡πÜ‡πÅ‡∏ï‡πà‡∏ó‡∏µ‡πà‡∏Ñ‡∏ß‡∏£‡∏õ‡∏£‡∏±‡∏ö‡∏õ‡∏£‡∏∏‡∏á‡∏°‡∏≤‡∏Å‡πÜ‡πÜ‡πÄ‡∏ä‡∏•‡∏™‡πå‡∏Ç‡∏≤‡∏¢‡∏£‡∏ñ‡∏ú‡∏°‡πÉ‡∏´‡πâ‡πÄ‡∏õ‡∏•‡∏µ‡πà‡∏¢‡∏ô‡∏õ‡πâ‡∏≤‡∏¢‡∏à‡∏≤‡∏Å‡πÅ‡∏î‡∏á‡πÄ‡∏õ‡πá‡∏ô‡∏õ‡πâ‡∏≤‡∏¢‡∏Ç‡∏≤‡∏ß‡∏¢‡∏∑‡πà‡∏ô‡πÄ‡∏£‡∏∑‡πà‡∏≠‡∏á‡πÑ‡∏õ‡πÄ‡∏î‡∏∑‡∏≠‡∏ô‡∏Å‡∏ß‡πà‡∏≤‡πÅ‡∏•‡πâ‡∏ß‡∏¢‡∏±‡∏á‡πÑ‡∏°‡πà‡∏£‡∏π‡πâ‡πÄ‡∏£‡∏∑‡πà‡∏≠‡∏á‡∏û‡∏≠‡πÇ‡∏ó‡∏ñ‡∏≤‡∏°‡∏Å‡πá‡∏ö‡∏≠‡∏Å‡∏ß‡πà‡∏≤‡∏õ‡πâ‡∏≤‡∏¢‡∏Ç‡∏≤‡∏ß‡πÄ‡∏õ‡πá‡∏ô‡πÄ‡∏•‡∏Ç‡∏™‡∏á‡∏ß‡∏ô‡∏ï‡πâ‡∏≠‡∏á‡πÉ‡∏ä‡πâ‡πÄ‡∏ß‡∏•‡∏≤‡∏ï‡πâ‡∏≠‡∏á‡πÉ‡∏ä‡πâ‡πÄ‡∏ß‡∏•‡∏≤‡∏Ç‡∏ô‡∏≤‡∏î‡∏ô‡∏±‡πâ‡∏ô‡πÄ‡∏•‡∏¢‡πÄ‡∏´‡∏£‡∏≠‡∏ä‡πà‡∏ß‡∏¢‡∏ï‡∏≤‡∏°‡πÄ‡∏£‡∏∑‡πà‡∏≠‡∏á‡πÉ‡∏´‡πâ‡∏ú‡∏°‡∏´‡∏ô‡πà‡∏≠‡∏¢‡∏ß‡πà‡∏≤‡∏ú‡∏°‡∏à‡∏∞‡πÑ‡∏î‡πâ‡πÄ‡∏õ‡∏•‡∏µ‡πà‡∏¢‡∏ô‡∏õ‡πâ‡∏≤‡∏¢‡∏ï‡∏≠‡∏ô‡πÑ‡∏´‡∏ô  ‡∏ó‡∏µ‡πà‡∏ï‡πâ‡∏≠‡∏á‡∏ä‡∏°‡∏≠‡∏µ‡∏Å‡∏Ñ‡∏ô‡∏ô‡∏¥‡∏™‡∏±‡∏¢‡∏î‡∏µ‡∏°‡∏≤‡∏Å‡∏û‡∏ô‡∏±‡∏Å‡∏á‡∏≤‡∏ô‡πÉ‡∏´‡πâ‡∏Ñ‡∏ß‡∏≤‡∏°‡∏£‡∏π‡πâ‡πÄ‡∏Å‡∏µ‡πà‡∏¢‡∏ß‡∏Å‡∏±‡∏ö‡πÄ‡∏£‡∏∑‡πà‡∏≠‡∏á‡∏£‡∏ñ‡∏ä‡∏∑‡πà‡∏≠‡∏ô‡πä‡∏≠‡∏ï ‡∏≠‡∏¢‡∏π‡πà‡∏¢‡∏π‡πÇ‡∏£‡∏õ‡πâ‡∏≤‡∏à‡∏£‡∏±‡∏™ ‡∏ô‡∏¥‡∏™‡∏±‡∏¢‡∏î‡∏µ‡∏°‡∏≤‡∏Å‡πÜ‡πÇ‡∏ó‡∏£‡∏ñ‡∏≤‡∏°‡∏≠‡∏∞‡πÑ‡∏£‡πÄ‡∏Å‡∏µ‡πà‡∏¢‡∏ß‡∏Å‡∏±‡∏ö‡∏£‡∏ñ‡∏£‡∏±‡∏ö‡∏ó‡∏∏‡∏Å‡∏Ñ‡∏£‡∏±‡πâ‡∏á‡∏ó‡∏µ‡πà‡πÇ‡∏ó‡∏£‡πÅ‡∏•‡∏∞‡πÉ‡∏´‡πâ‡∏Ñ‡∏≥‡∏õ‡∏£‡∏∂‡∏Å‡∏©‡∏≤‡∏î‡∏µ‡∏°‡∏≤‡∏Å ‡∏ó‡∏µ‡πà‡∏Ñ‡∏ß‡∏£‡πÅ‡∏Å‡πâ‡πÑ‡∏Ç‡∏Å‡πá‡πÅ‡∏Å‡πâ‡πÑ‡∏Ç‡∏î‡πà‡∏ß‡∏ô‡∏´‡∏ô‡πà‡∏≠‡∏¢‡∏ô‡∏∞‡∏Ñ‡∏£‡∏±‡∏ö,2
66,‡∏£‡∏ñBMW‡πÉ‡∏ä‡πâ‡∏á‡∏≤‡∏ô‡πÑ‡∏î‡πâ‡∏î‡∏µ‡∏°‡∏≤‡∏Å‡πÜ ‡∏ú‡∏°‡∏ã‡∏∑‡πâ‡∏≠ BMW ‡∏°‡∏≤‡πÉ‡∏ä‡πâ‡∏Ñ‡∏£‡∏±‡πâ‡∏á‡πÅ‡∏£‡∏Å‡πÉ‡∏ô‡∏ä‡∏µ‡∏ß‡∏¥‡∏ï ‡∏£‡∏π‡πâ‡∏™‡∏∂‡∏Å‡∏ß‡πà‡∏≤‡∏Ñ‡∏∏‡πâ‡∏°‡∏£‡∏≤‡∏Ñ‡∏≤‡∏ó‡∏µ‡πà‡∏à‡πà‡∏≤‡∏¢ ‡∏Å‡∏≤‡∏£‡∏Ç‡∏±‡∏ö‡∏Ç‡∏µ‡πà ‡∏ä‡πà‡∏ß‡∏á‡∏•‡πà‡∏≤‡∏á ‡∏£‡∏ß‡∏°‡∏ñ‡∏∂‡∏á‡∏Å‡∏≤‡∏£ ‡∏ö‡∏£‡∏¥‡∏Å‡∏≤‡∏£‡∏Ç‡∏≠‡∏á‡∏®‡∏π‡∏ô‡∏¢‡πå‡∏ó‡∏µ‡πà‡∏ú‡∏°‡πÄ‡∏Ç‡πâ‡∏≤‡πÉ‡∏ä‡πâ‡∏á‡∏≤‡∏ô ‡∏ó‡∏µ‡πà ‡∏û‡∏±‡∏ó‡∏¢‡∏≤ Germany autu ‡∏î‡∏π‡πÅ‡∏•‡∏î‡∏µ‡∏ó‡∏∏‡∏Å‡∏≠‡∏¢‡πà‡∏≤‡∏á  ‡πÅ‡∏à‡πâ‡∏á‡∏£‡∏≤‡∏¢‡∏•‡∏∞‡πÄ‡∏≠‡∏µ‡∏¢‡∏î‡∏ä‡∏±‡∏î‡πÄ‡∏à‡∏ô ‡∏£‡∏π‡πâ‡∏™‡∏∂‡∏Å‡∏õ‡∏£‡∏∞‡∏ó‡∏±‡∏ö‡∏ó‡∏µ‡πà‡πÑ‡∏î‡πâ‡∏Ç‡∏±‡∏ö BMW ‡∏à‡∏£‡∏¥‡∏á‡πÜ ‡πÄ‡∏•‡∏¢‡∏≠‡∏¢‡∏≤‡∏Å‡∏à‡∏∞‡πÅ‡∏ô‡∏∞‡∏ô‡∏≥‡πÉ‡∏´‡πâ‡∏Ñ‡∏ô‡∏£‡∏≠‡∏ö‡πÜ‡∏ï‡∏±‡∏ß ‡πÑ‡∏î‡πâ‡∏•‡∏≠‡∏á‡∏™‡∏±‡∏°‡∏ú‡∏±‡∏™‡∏õ‡∏£‡∏∞‡∏™‡∏ö‡∏Å‡∏≤‡∏£‡∏ì‡πå‡πÅ‡∏ö‡∏ö‡πÄ‡∏£‡∏≤‡∏ã‡∏±‡∏Å‡∏Ñ‡∏£‡∏±‡πâ‡∏á ‡∏ö‡∏≠‡∏Å‡∏ï‡∏£‡∏á‡πÜ‡∏ô‡∏∞‡∏Ñ‡∏£‡∏±‡∏ö SA ‡∏ó‡∏µ‡πà‡∏î‡∏π‡πÅ‡∏•‡∏ú‡∏°‡∏Ñ‡∏∑‡∏≠ ‡∏™‡∏∏‡∏î‡∏¢‡∏≠‡∏î‡∏°‡∏≤‡∏Å‡πÜ ‡∏£‡∏≤‡∏¢‡∏•‡∏∞‡πÄ‡∏≠‡∏µ‡∏¢‡∏î‡∏ä‡∏±‡∏î‡πÄ‡∏à‡∏ô ‡∏Å‡∏≤‡∏£‡∏ï‡∏¥‡∏î‡∏ï‡∏≤‡∏°‡∏ú‡∏• ‡πÇ‡∏ó‡∏£‡πÅ‡∏à‡πâ‡∏á ‡∏ï‡∏•‡∏≠‡∏î ‡∏™‡∏∏‡∏î‡∏¢‡∏≠‡∏î‡∏°‡∏≤‡∏Å‡πÜ,3
67,‡∏£‡∏ñ‡∏î‡∏µ ‡∏ö‡∏£‡∏¥‡∏Å‡∏≤‡∏£‡∏î‡∏µ ‡πÅ‡∏ï‡πà‡∏≠‡∏∞‡πÑ‡∏´‡∏•‡πà‡πÅ‡∏û‡∏á ‡∏Ñ‡πà‡∏≤‡∏ö‡∏£‡∏¥‡∏Å‡∏≤‡∏£‡πÅ‡∏û‡∏á ‡∏ï‡∏±‡∏ß bsi ‡∏ö‡∏≤‡∏á‡∏ó‡∏µ ‡∏•‡∏π‡∏Å‡∏Ñ‡πâ‡∏≤‡∏≠‡∏¢‡∏≤‡∏Å‡πÄ‡∏õ‡∏•‡∏µ‡πà‡∏¢‡∏ô‡∏ô‡πâ‡∏≥‡∏°‡∏±‡∏ô‡πÄ‡∏Ñ‡∏£‡∏∑‡πà‡∏≠‡∏á‡πÉ‡∏ô‡∏£‡∏≠‡∏ö‡∏ó‡∏µ‡πà‡πÄ‡∏Ç‡πâ‡∏≤‡πÄ‡∏ã‡∏≠‡∏£‡πå‡∏ß‡∏¥‡∏™ ‡πÑ‡∏°‡πà‡∏ï‡πâ‡∏≠‡∏á‡∏£‡∏≠ ‡∏≠‡∏µ‡∏Å 2 ‡∏ß‡∏±‡∏ô ‡πÑ‡∏ü‡∏Ç‡∏∂‡πâ‡∏ô‡πÅ‡∏à‡πâ‡∏á ‡∏ñ‡∏∂‡∏á‡πÄ‡∏õ‡∏•‡∏µ‡πà‡∏¢‡∏ô‡πÉ‡∏´‡πâ ‡∏à‡∏∞‡πÑ‡∏õ ‡∏ï‡∏à‡∏ß ‡∏Ç‡∏±‡∏ö‡πÑ‡∏Å‡∏• ‡∏à‡∏∞‡πÑ‡∏î‡πâ‡πÑ‡∏°‡πà‡∏ï‡∏¥‡∏î‡∏õ‡∏±‡∏ç‡∏´‡∏≤ ‡∏Å‡∏±‡∏á‡∏ß‡∏•,2
68,‡∏£‡∏ñ‡∏î‡∏µ ‡πÅ‡∏ï‡πà‡∏ö‡∏£‡∏¥‡∏Å‡∏≤‡∏£‡∏´‡∏•‡∏±‡∏á‡∏Å‡∏≤‡∏£‡∏Ç‡∏≤‡∏¢ ‡∏Ñ‡∏∏‡∏ì‡∏†‡∏≤‡∏û‡∏ú‡∏•‡∏¥‡∏ï‡∏†‡∏±‡∏ì‡∏ë‡πå‡∏ï‡πâ‡∏≠‡∏á‡∏õ‡∏£‡∏±‡∏ö‡∏õ‡∏£‡∏∏‡∏á ‡πÇ‡∏î‡∏¢‡πÄ‡∏â‡∏û‡∏≤‡∏∞‡∏£‡∏ñ‡∏¢‡∏ô‡∏ï‡πåg20‡∏Ñ‡∏±‡∏ô‡∏Å‡πà‡∏≠‡∏ô‡∏ó‡∏µ‡πà‡πÉ‡∏ä‡πâ ‡∏°‡∏µ‡∏õ‡∏±‡∏ç‡∏´‡∏≤‡∏û‡∏ß‡∏á‡∏°‡∏≤‡∏•‡∏±‡∏¢ ‡∏ä‡πà‡∏ß‡∏á‡∏•‡πà‡∏≤‡∏á‡∏î‡∏±‡∏á‡πÅ‡∏Å‡πâ‡πÑ‡∏°‡πà‡∏´‡∏≤‡∏¢ ‡πÄ‡∏™‡∏µ‡∏¢‡πÄ‡∏ß‡∏•‡∏≤3‡∏£‡∏≠‡∏ö‡∏à‡∏ô‡∏ï‡πâ‡∏≠‡∏á‡∏Ç‡∏≤‡∏¢‡∏£‡∏ñ‡∏ó‡∏¥‡πâ‡∏á‡∏ã‡∏∑‡πâ‡∏≠‡πÉ‡∏´‡∏°‡πà,2
69,‡∏£‡∏ñ‡∏°‡∏≤‡∏ï‡∏£‡∏ê‡∏≤‡∏ô ‡πÑ‡∏°‡πà‡∏ï‡πâ‡∏≠‡∏á‡∏î‡∏π‡πÅ‡∏•‡∏°‡∏≤‡∏Å ‡∏ö‡∏£‡∏¥‡∏Å‡∏≤‡∏£‡∏î‡∏µ,2
70,"‡∏£‡∏ñ‡∏°‡∏µ‡∏≠‡∏≤‡∏Å‡∏≤‡∏£‡∏û‡πà‡∏ß‡∏á‡∏°‡∏≤‡∏•‡∏±‡∏¢‡∏™‡∏±‡πà‡∏ô‡∏°‡∏≤‡∏Å‡∏Å‡∏ß‡πà‡∏≤‡πÄ‡∏î‡∏¥‡∏°   

‡∏Å‡πà‡∏≠‡∏ô‡πÄ‡∏Ç‡πâ‡∏≤‡∏®‡∏π‡∏ô‡∏¢‡πå  (‡πÉ‡∏´‡πâ‡∏Ç‡πâ‡∏≠‡∏°‡∏π‡∏•‡∏®‡∏π‡∏ô‡∏¢‡πå‡πÅ‡∏•‡πâ‡∏ß) 
1. ‡πÄ‡∏õ‡∏•‡∏µ‡πà‡∏¢‡∏ô‡∏¢‡∏≤‡∏á‡∏Ñ‡∏π‡πà‡∏´‡∏ô‡πâ‡∏≤‡πÉ‡∏´‡∏°‡πà + ‡∏ñ‡πà‡∏ß‡∏á‡∏•‡πâ‡∏≠   ‡∏≠‡∏≤‡∏Å‡∏≤‡∏£‡πÑ‡∏°‡πà‡∏´‡∏≤‡∏¢    2. ‡∏•‡∏≠‡∏á‡∏™‡∏•‡∏±‡∏ö‡∏¢‡∏≤‡∏á‡∏à‡∏≤‡∏Å‡∏´‡∏ô‡πâ‡∏≤ ‡πÑ‡∏õ‡∏´‡∏•‡∏±‡∏á + ‡∏ñ‡πà‡∏ß‡∏á‡∏•‡πâ‡∏≠ ‡∏Å‡πá‡∏¢‡∏±‡∏á‡∏°‡∏µ‡∏≠‡∏≤‡∏Å‡∏≤‡∏£‡∏™‡∏±‡πà‡∏ô 

‡πÄ‡∏Ç‡πâ‡∏≤‡∏®‡∏π‡∏ô‡∏¢‡πå
1. ‡πÅ‡∏à‡πâ‡∏á‡∏Ç‡πâ‡∏≠‡∏°‡∏π‡∏•‡∏Ç‡πâ‡∏≤‡∏á‡∏ö‡∏ô‡πÑ‡∏õ  ‡∏ú‡∏°‡πÉ‡∏´‡πâ‡∏Ñ‡∏ß‡∏≤‡∏°‡πÄ‡∏´‡πá‡∏ô‡∏ô‡πà‡∏≤‡∏à‡∏∞‡πÄ‡∏õ‡πá‡∏ô‡∏ä‡πà‡∏ß‡∏á‡∏•‡πà‡∏≤‡∏á    ‡πÅ‡∏•‡∏∞‡∏≠‡∏≤‡∏à‡∏à‡∏∞‡∏•‡∏π‡∏Å‡∏õ‡∏∑‡∏ô‡∏•‡πâ‡∏≠
2. ‡∏ä‡πà‡∏≤‡∏á‡∏®‡∏π‡∏ô‡∏¢‡πå‡∏Å‡∏≤‡∏£‡∏ñ‡πà‡∏ß‡∏á‡∏•‡πâ‡∏≠    ‡πÅ‡∏•‡πâ‡∏ß‡πÑ‡∏°‡πà‡∏´‡∏≤‡∏¢‡∏™‡∏±‡πà‡∏ô
3. ‡∏®‡∏π‡∏ô‡∏¢‡πå‡πÉ‡∏´‡πâ‡∏Ñ‡∏ß‡∏≤‡∏°‡πÄ‡∏´‡πá‡∏ô‡∏ß‡πà‡∏≤‡∏¢‡∏≤‡∏á‡∏≠‡∏≤‡∏à‡∏à‡∏∞‡∏ó‡∏≥‡πÉ‡∏´‡πâ‡∏™‡∏±‡πà‡∏ô   

‡∏à‡∏£‡∏¥‡∏á‡πÜ  ‡∏ú‡∏°‡∏Ñ‡∏¥‡∏î‡∏ß‡πà‡∏≤‡∏ñ‡πâ‡∏≤‡πÄ‡∏õ‡πá‡∏ô‡∏ó‡∏µ‡πà‡∏¢‡∏≤‡∏á   ‡πÄ‡∏ß‡∏•‡∏≤‡∏ñ‡πà‡∏ß‡∏á‡∏•‡πâ‡∏≠   ‡∏ô‡πà‡∏≤‡∏à‡∏∞‡∏û‡∏ö‡∏õ‡∏±‡∏ç‡∏´‡∏≤

‡πÅ‡∏ï‡πà‡∏ú‡∏°‡∏à‡∏∞‡∏•‡∏≠‡∏á‡∏ó‡∏≥‡∏Å‡∏≤‡∏£‡πÄ‡∏õ‡∏•‡∏µ‡πà‡∏¢‡∏ô‡∏¢‡∏≤‡∏á‡∏≠‡∏µ‡∏Å‡∏Ñ‡∏£‡∏±‡πâ‡∏á‡∏ï‡∏≤‡∏°‡∏Ñ‡∏≥‡πÅ‡∏ô‡∏∞‡∏ô‡∏≥",3
71,‡∏£‡∏ñ‡∏¢‡∏ô‡∏ï‡πå‡∏ó‡∏µ‡πà‡∏î‡∏µ‡∏°‡∏µ‡∏Ñ‡∏∏‡∏ì‡∏†‡∏≤‡∏û ‡∏õ‡∏•‡∏≠‡∏î‡∏†‡∏±‡∏¢ ‡∏°‡∏µ‡∏Å‡∏≤‡∏£‡∏ï‡∏¥‡∏î‡∏ï‡∏≤‡∏°‡πÉ‡∏´‡πâ‡∏°‡∏≤‡πÄ‡∏Ç‡πâ‡∏≤‡πÄ‡∏ä‡πá‡∏Ñ‡∏£‡∏∞‡∏¢‡∏∞‡∏≠‡∏¢‡πà‡∏≤‡∏á‡∏ï‡πà‡∏≠‡πÄ‡∏ô‡∏∑‡πà‡∏≠‡∏á ‡∏°‡∏µ BSI,2
72,‡∏£‡∏ñ‡∏¢‡∏ô‡∏ï‡πå‡∏™‡∏°‡∏£‡∏£‡∏ñ‡∏ô‡∏∞‡∏î‡∏µ‡∏°‡∏≤‡∏Å ‡πÄ‡∏ã‡∏•‡∏ö‡∏£‡∏¥‡∏Å‡∏≤‡∏£‡∏î‡∏µ‡πÄ‡∏≠‡∏≤‡πÉ‡∏à‡πÉ‡∏™‡πà ‡∏ö‡∏£‡∏¥‡∏Å‡∏≤‡∏£‡πÇ‡∏ä‡∏ß‡πå‡∏£‡∏π‡∏°‡∏ó‡∏µ‡πà‡∏ã‡∏∑‡πâ‡∏≠‡∏ï‡πâ‡∏≠‡∏á‡πÉ‡∏´‡πâ 10 ‡∏Ñ‡∏∞‡πÅ‡∏ô‡∏ô‡πÄ‡∏ó‡πà‡∏≤‡∏ô‡∏±‡πâ‡∏ô,2
73,‡∏£‡∏ñ‡∏™‡∏°‡∏£‡∏£‡∏ñ‡∏ô‡∏∞‡∏î‡∏µ ‡∏°‡∏µ BSI,2
74,‡∏£‡∏ñ‡∏™‡∏°‡∏£‡∏£‡∏ñ‡∏ô‡∏∞‡∏î‡∏µ ‡∏£‡∏≤‡∏Ñ‡∏≤‡∏™‡∏π‡∏á‡πÅ‡∏ï‡πà‡∏≠‡∏≠‡∏û‡∏ä‡∏±‡πà‡∏ô‡πÑ‡∏°‡πà‡∏™‡∏±‡∏°‡∏û‡∏±‡∏ô‡∏ò‡πå‡∏Å‡∏±‡∏ö‡∏£‡∏≤‡∏Ñ‡∏≤ ‡∏™‡πà‡∏ß‡∏ô‡∏Å‡∏≤‡∏£‡∏ö‡∏≥‡∏£‡∏∏‡∏á‡∏£‡∏±‡∏Å‡∏©‡∏≤‡∏Ñ‡πà‡∏≠‡∏ô‡∏Ç‡πâ‡∏≤‡∏á‡∏à‡∏∏‡∏Å‡∏à‡∏¥‡∏Å ‡∏®‡∏π‡∏ô‡∏¢‡πå‡πÅ‡∏Å‡πâ‡∏õ‡∏±‡∏ç‡∏´‡∏≤‡πÑ‡∏î‡πâ‡πÑ‡∏°‡πà‡∏à‡∏ö ‡πÑ‡∏°‡πà‡∏Ñ‡πà‡∏≠‡∏¢‡∏ó‡∏ô‡∏ï‡πà‡∏≠‡∏™‡∏†‡∏≤‡∏û‡∏≠‡∏≤‡∏Å‡∏≤‡∏®‡πÅ‡∏ö‡∏ö‡∏õ‡∏£‡∏∞‡πÄ‡∏ó‡∏®‡πÑ‡∏ó‡∏¢‡πÄ‡∏°‡∏∑‡πà‡∏≠‡πÄ‡∏õ‡∏£‡∏µ‡∏¢‡∏ö‡πÄ‡∏ó‡∏µ‡∏¢‡∏ö‡∏Å‡∏±‡∏ö‡∏£‡∏ñ‡∏ç‡∏µ‡πà‡∏õ‡∏∏‡πà‡∏ô,3
75,‡∏£‡∏ñ‡πÄ‡∏Ç‡πâ‡∏≤‡∏ã‡πà‡∏≠‡∏°‡πÑ‡∏î‡πâ‡∏ä‡πâ‡∏≤ ‡∏Å‡∏≤‡∏£‡∏à‡∏±‡∏î‡∏Å‡∏≤‡∏£‡∏Ñ‡∏ß‡∏£‡∏õ‡∏£‡∏±‡∏ö‡∏õ‡∏£‡∏∏‡∏á ‡∏û‡∏ô‡∏±‡∏Å‡∏á‡∏≤‡∏ô‡πÉ‡∏™‡πà‡πÉ‡∏à‡∏î‡∏µ ‡∏û‡∏¢‡∏≤‡∏¢‡∏≤‡∏°‡∏à‡∏∞‡∏î‡∏π‡πÅ‡∏•‡∏•‡∏π‡∏Å‡∏Ñ‡πâ‡∏≤‡πÅ‡∏•‡∏∞‡∏Ç‡∏≠‡πÇ‡∏ó‡∏©‡πÉ‡∏ô‡πÄ‡∏´‡∏ï‡∏∏‡∏Å‡∏≤‡∏£‡∏ì‡πå‡∏ó‡∏µ‡πà‡πÄ‡∏Å‡∏¥‡∏î‡∏Ç‡∏∂‡πâ‡∏ô,3
76,‡∏£‡∏ñ‡πÉ‡∏ä‡πâ‡∏î‡∏µ ‡πÑ‡∏°‡πà‡∏°‡∏µ‡∏õ‡∏±‡∏ç‡∏´‡∏≤‡∏à‡∏∏‡∏Å‡∏à‡∏¥‡∏Å ‡∏®‡∏π‡∏ô‡∏¢‡πå‡∏ö‡∏£‡∏¥‡∏Å‡∏≤‡∏£‡πÉ‡∏´‡πâ‡∏Å‡∏≤‡∏£‡∏ö‡∏£‡∏¥‡∏Å‡∏≤‡∏£‡∏ó‡∏µ‡πà‡∏î‡∏µ‡∏°‡∏≤‡∏Å ‡πÉ‡∏ä‡πâ‡∏£‡∏ñ‡∏°‡∏≤‡∏Ñ‡∏£‡∏ö7‡∏õ‡∏µ‡πÅ‡∏•‡πâ‡∏ß ‡πÉ‡∏ä‡πâ‡∏®‡∏π‡∏ô‡∏¢‡πå‡∏ö‡∏£‡∏¥‡∏Å‡∏≤‡∏£‡∏Ç‡∏≠‡∏á‡∏≠‡∏°‡∏£‡∏°‡∏≤‡∏ï‡∏•‡∏≠‡∏î ‡∏û‡∏ô‡∏±‡∏Å‡∏á‡∏≤‡∏ô‡πÄ‡∏≠‡∏≤‡πÉ‡∏à‡πÉ‡∏™‡πà‡∏î‡∏π‡πÅ‡∏•‡πÄ‡∏õ‡πá‡∏ô‡∏≠‡∏¢‡πà‡∏≤‡∏á‡∏î‡∏µ‡∏°‡∏≤‡∏Å  ‡∏Ç‡∏≠‡∏ö‡∏û‡∏£‡∏∞‡∏Ñ‡∏∏‡∏ì‡∏°‡∏≤‡∏ì ‡∏ó‡∏µ‡πà‡∏ô‡∏µ‡πâ‡∏î‡πâ‡∏ß‡∏¢‡∏Ñ‡πà‡∏∞,2
77,‡∏•‡∏π‡∏Å‡∏Ñ‡πâ‡∏≤‡πÄ‡∏•‡∏∑‡∏≠‡∏Å‡∏ã‡∏∑‡πâ‡∏≠BMW ‡∏Ñ‡∏±‡∏ô‡∏ô‡∏µ‡πâ‡πÄ‡∏õ‡πá‡∏ô‡∏Ñ‡∏±‡∏ô‡∏ó‡∏µ‡πà2‡πÅ‡∏•‡πâ‡∏ß ‡∏ä‡∏∑‡πà‡∏ô‡∏ä‡∏≠‡∏ö‡πÄ‡∏£‡∏∑‡πà‡∏≠‡∏á‡πÄ‡∏Ñ‡∏£‡∏∑‡πà‡∏≠‡∏á‡∏¢‡∏ô‡∏ï‡πå ‡πÅ‡∏•‡∏∞‡∏™‡∏°‡∏£‡∏£‡∏ñ‡∏ô‡∏∞‡πÉ‡∏ô‡∏Å‡∏≤‡∏£‡∏Ç‡∏±‡∏ö‡∏Ç‡∏µ‡πà,2
78,‡∏®‡∏π‡∏ô‡∏¢‡πå‡∏ö‡∏£‡∏¥‡∏Å‡∏≤‡∏£‡∏î‡∏µ‡∏°‡∏≤‡∏Å ‡πÇ‡∏ó‡∏£‡∏°‡∏≤‡πÄ‡∏ï‡∏∑‡∏≠‡∏ô‡∏Å‡∏≤‡∏£‡∏Ñ‡∏£‡∏ö‡∏Å‡∏≥‡∏´‡∏ô‡∏î‡∏ö‡∏£‡∏¥‡∏Å‡∏≤‡∏£ ‡∏ó‡∏±‡πâ‡∏á‡πÜ ‡∏ó‡∏µ‡πà‡πÑ‡∏°‡πà‡πÑ‡∏î‡πâ‡∏ã‡∏∑‡πâ‡∏≠‡∏à‡∏≤‡∏Å performance,2
79,"‡∏®‡∏π‡∏ô‡∏¢‡πå‡∏ö‡∏£‡∏¥‡∏Å‡∏≤‡∏£‡∏°‡∏µ‡∏ô‡πâ‡∏≠‡∏¢ ‡πÄ‡∏î‡∏¥‡∏ô‡∏ó‡∏≤‡∏á ‡πÑ‡∏õ‡πÅ‡∏ï‡πà‡∏•‡∏∞‡∏Ñ‡∏£‡∏±‡πâ‡∏á ‡πÉ‡∏ä‡πâ‡πÄ‡∏ß‡∏•‡∏≤‡∏≠‡∏¢‡πà‡∏≤‡∏á‡∏ô‡πâ‡∏≠‡∏¢ 2 ‡∏ß‡∏±‡∏ô   ‡πÑ‡∏õ‡πÄ‡∏Ç‡πâ‡∏≤‡∏®‡∏π‡∏ô‡∏¢‡πå ‡πÅ‡∏ï‡πà‡∏ß‡∏±‡∏ô‡∏ó‡∏µ‡πà23/5/65 ‡∏¢‡∏±‡∏á‡πÑ‡∏°‡πà‡∏°‡∏µ‡∏Å‡∏≤‡∏£‡∏ï‡∏¥‡∏î‡∏ï‡πà‡∏≠‡∏Å‡∏•‡∏±‡∏ö ‡∏ß‡πà‡∏≤‡∏à‡∏∞‡∏£‡∏±‡∏ö‡∏£‡∏ñ‡πÑ‡∏î‡πâ‡∏ß‡∏±‡∏ô‡πÑ‡∏´‡∏ô  ‡∏Ç‡∏±‡πâ‡∏ô‡∏ï‡∏≠‡∏ô‡∏Å‡∏≤‡∏£‡∏ã‡πà‡∏≠‡∏°
‡∏ö‡∏≥‡∏£‡∏∏‡∏á ‡∏ñ‡∏∂‡∏á‡∏£‡∏∞‡∏¢‡∏∞‡πÑ‡∏´‡∏ô ‡∏Å‡∏≥‡∏´‡∏ô‡∏î ‡∏Å‡∏≤‡∏£‡∏£‡∏±‡∏ö‡∏£‡∏ñ 
‡∏ó‡∏≥‡πÉ‡∏´‡πâ‡πÑ‡∏°‡πà‡∏°‡∏µ‡∏£‡∏ñ ‡πÉ‡∏ä‡πâ‡∏á‡∏≤‡∏ô ‡πÑ‡∏°‡πà‡∏°‡∏µ‡∏Å‡∏≤‡∏£‡πÅ‡∏à‡πâ‡∏á  ‡∏ï‡πâ‡∏≠‡∏á‡πÇ‡∏ó‡∏£‡∏™‡∏≠‡∏ö‡∏ñ‡∏≤‡∏° ‡πÄ‡∏≠‡∏á ‡∏Ñ‡πà‡∏∞  ‡πÑ‡∏°‡πà‡∏õ‡∏£‡∏∞‡∏ó‡∏±‡∏ö‡πÉ‡∏à‡∏Å‡∏≤‡∏£‡∏ö‡∏£‡∏¥‡∏Å‡∏≤‡∏£",2
80,‡∏™‡∏ñ‡∏≤‡∏ô‡∏ó‡∏µ‡∏Å‡∏ß‡πâ‡∏≤‡∏á ‡∏û‡∏ô‡∏±‡∏Å‡∏á‡∏≤‡∏ô‡πÅ‡∏ô‡∏∞‡∏ô‡∏≥‡∏î‡∏µ ‡∏ô‡πà‡∏≤‡∏à‡∏∞‡∏°‡∏µ‡∏´‡∏•‡∏±‡∏á‡∏Ñ‡∏≤‡∏™‡∏≥‡∏´‡∏£‡∏±‡∏ö‡∏ó‡∏µ‡πà‡∏à‡∏≠‡∏î‡∏£‡∏ñ,2
81,"‡∏™‡∏°‡∏£‡∏£‡∏ñ‡∏ô‡∏∞ ‡∏£‡∏ñ‡∏¢‡∏ô‡∏ï‡πå‡∏î‡∏µ‡πÄ‡∏¢‡∏µ‡πà‡∏¢‡∏°
‡∏®‡∏π‡∏ô‡∏¢‡πå‡∏ö‡∏£‡∏¥‡∏Å‡∏≤‡∏£ ‡πÅ‡∏•‡∏∞ ‡∏û‡∏ô‡∏±‡∏Å‡∏á‡∏≤‡∏ô ‡∏î‡∏π‡πÅ‡∏•‡∏î‡∏µ‡∏°‡∏≤‡∏Å",2
82,‡∏™‡∏°‡∏£‡∏£‡∏ñ‡∏ô‡∏∞ ‡∏£‡∏≤‡∏Ñ‡∏≤  ‡∏Å‡∏≤‡∏£‡∏ö‡∏£‡∏¥‡∏Å‡∏≤‡∏£,2
83,‡∏™‡∏°‡∏£‡∏£‡∏ñ‡∏ô‡∏∞‡∏î‡∏µ ‡πÅ‡∏ï‡πà‡∏£‡∏∞‡∏ö‡∏ö‡∏Ñ‡πà‡∏≠‡∏ô‡∏Ç‡πâ‡∏≤‡∏á‡∏à‡∏∏‡∏Å‡∏à‡∏¥‡∏Å‡∏ô‡∏¥‡∏î‡∏´‡∏ô‡πà‡∏≠‡∏¢,2
84,"‡∏™‡∏°‡∏£‡∏£‡∏ñ‡∏ô‡∏∞‡∏£‡∏ñ,  ‡∏Å‡∏≤‡∏£‡∏ö‡∏£‡∏¥‡∏Å‡∏≤‡∏£‡∏Ç‡∏≠‡∏á‡∏û‡∏ô‡∏±‡∏Å‡∏á‡∏≤‡∏ô‡∏Ç‡∏≤‡∏¢, Showroom",2
85,‡∏™‡∏ß‡∏¢‡∏´‡∏£‡∏π ‡∏Ñ‡∏∏‡∏ì‡∏†‡∏≤‡∏û‡∏î‡∏µ‡πÄ‡∏¢‡∏µ‡πà‡∏¢‡∏° ‡∏°‡∏µ BSI ‡∏´‡∏≤‡∏¢‡∏´‡πà‡∏ß‡∏á,2
86,‡∏™‡∏≤‡∏Ç‡∏≤‡∏ô‡∏µ‡πâ ‡∏ö‡∏£‡∏¥‡∏Å‡∏≤‡∏£‡∏î‡∏µ‡∏°‡∏≤‡∏Å ‡πÄ‡∏≠‡∏≤‡πÉ‡∏à‡πÉ‡∏™‡πà‡∏•‡∏π‡∏Å‡∏Ñ‡πâ‡∏≤ ‡∏û‡∏π‡∏î‡∏à‡∏≤‡∏™‡∏∏‡∏†‡∏≤‡∏û ‡∏ï‡∏≠‡∏ö‡∏Ñ‡∏≥‡∏ñ‡∏≤‡∏°‡πÅ‡∏ô‡∏∞‡∏ô‡∏≥‡πÑ‡∏î‡πâ‡∏î‡∏µ,2
87,‡∏™‡πÑ‡∏ï‡∏•‡πå ‡πÄ‡∏Ñ‡∏£‡∏∑‡πà‡∏≠‡∏á‡∏¢‡∏ô‡∏ï‡πå ‡∏Å‡∏≤‡∏£‡∏Ç‡∏±‡∏ö‡∏Ç‡∏µ‡πà‡∏ó‡∏µ‡πà‡∏î‡∏µ‡∏Ñ‡πà‡∏∞,2
88,‡∏´‡∏•‡∏±‡∏á‡∏´‡∏°‡∏î‡∏£‡∏∞‡∏¢‡∏∞‡∏£‡∏±‡∏ö‡∏õ‡∏£‡∏∞‡∏Å‡∏±‡∏ô ‡∏Ñ‡πà‡∏≤‡∏ö‡∏£‡∏¥‡∏Å‡∏≤‡∏£‡πÅ‡∏•‡∏∞‡∏≠‡∏∞‡πÑ‡∏´‡∏•‡πà‡∏Ñ‡πà‡∏≠‡∏ô‡∏Ç‡πâ‡∏≤‡∏á‡πÅ‡∏û‡∏á,3
89,‡∏≠‡∏¢‡∏≤‡∏Å‡∏à‡∏∞‡πÉ‡∏´‡πâ10 ‡πÄ‡∏ï‡πá‡∏° ‡πÅ‡∏ï‡πà‡∏û‡∏∑‡πâ‡∏ô‡∏ó‡∏µ‡πà‡πÉ‡∏´‡πâ‡∏ö‡∏£‡∏¥‡∏Å‡∏≤‡∏£‡∏Ç‡∏≠‡∏á‡∏®‡∏π‡∏ô‡∏¢‡πå‡∏ó‡∏µ‡πà‡πÄ‡∏ä‡∏µ‡∏¢‡∏á‡πÉ‡∏´‡∏°‡πà‡∏Ñ‡∏±‡∏ö‡πÅ‡∏Ñ‡∏ö‡πÄ‡∏Å‡∏¥‡∏ô‡πÑ‡∏õ‡∏ó‡∏≥‡πÉ‡∏´‡πâ‡πÑ‡∏°‡πà‡∏Ñ‡πà‡∏≠‡∏¢‡∏™‡∏∞‡∏î‡∏ß‡∏Å‡πÉ‡∏ô‡∏Å‡∏≤‡∏£‡∏£‡∏±‡∏ö‡∏ö‡∏£‡∏¥‡∏Å‡∏≤‡∏£,2
90,"‡∏≠‡∏¢‡∏≤‡∏Å‡πÉ‡∏´‡πâ‡∏ä‡πà‡∏ß‡∏¢‡∏î‡∏π‡∏ö‡∏£‡∏¥‡∏Å‡∏≤‡∏£‡∏Ç‡∏≠‡∏®‡∏π‡∏ô‡∏¢‡πåbmw ‡∏´‡∏≤‡∏î‡πÉ‡∏´‡∏ç‡πà‡∏´‡∏ô‡πà‡∏≠‡∏¢‡∏Ñ‡πà‡∏∞ ‡∏ö‡∏£‡∏¥‡∏Å‡∏≤‡∏£‡πÅ‡∏¢‡πà‡∏°‡∏≤‡∏Å ‡∏à‡∏≠‡∏á‡∏Ñ‡∏¥‡∏ß‡∏£‡∏ñ‡∏Å‡πá‡∏ö‡∏≠‡∏Å‡πÉ‡∏´‡πâ‡∏à‡∏≠‡∏á‡∏•‡πà‡∏ß‡∏á‡∏´‡∏ô‡πâ‡∏≤‡πÄ‡∏õ‡πá‡∏ô‡∏≠‡∏≤‡∏ó‡∏¥‡∏ï‡∏¢‡πå ‡∏ï‡πâ‡∏≠‡∏áwalk in‡πÄ‡∏Ç‡πâ‡∏≤‡∏°‡∏≤‡∏ñ‡∏∂‡∏á‡∏à‡∏∞‡πÑ‡∏î‡πâ‡πÄ‡∏ä‡πá‡∏Ñ‡∏£‡∏ñ‡πÉ‡∏´‡πâ‡πÉ‡∏ô‡∏≠‡∏µ‡∏Å2‡∏ß‡∏±‡∏ô‡∏´‡∏•‡∏±‡∏á‡∏à‡∏≤‡∏Å‡πÄ‡∏≠‡∏≤‡∏£‡∏ñ‡∏°‡∏≤‡∏ï‡∏±‡πâ‡∏á ‡πÄ‡∏Ç‡πâ‡∏≤‡πÉ‡∏à‡∏ß‡πà‡∏≤‡∏•‡∏π‡∏Å‡∏Ñ‡πâ‡∏≤‡πÄ‡∏¢‡∏≠‡∏∞ ‡πÅ‡∏ï‡πàservice‡∏ï‡πâ‡∏≠‡∏á‡∏û‡∏£‡πâ‡∏≠‡∏°‡∏î‡πâ‡∏ß‡∏¢‡∏Ñ‡πà‡∏∞  ‡∏ï‡πâ‡∏≠‡∏á‡πÉ‡∏´‡πâ‡∏•‡∏π‡∏Å‡∏Ñ‡πâ‡∏≤‡πÄ‡∏õ‡πá‡∏ô‡∏Ñ‡∏ô‡πÇ‡∏ó‡∏£‡∏ï‡∏≤‡∏°‡∏™‡∏≠‡∏ö‡∏ñ‡∏≤‡∏°‡πÄ‡∏≠‡∏á‡∏ï‡∏•‡∏≠‡∏î ‡πÑ‡∏°‡πà‡πÄ‡∏Ñ‡∏¢‡πÇ‡∏ó‡∏£‡∏°‡∏≤‡πÅ‡∏à‡πâ‡∏á‡∏•‡∏π‡∏Å‡∏Ñ‡πâ‡∏≤‡πÄ‡∏•‡∏¢ ‡∏ß‡∏±‡∏ô‡∏°‡∏≤‡∏£‡∏±‡∏ö‡∏£‡∏ñ‡∏Å‡πá‡πÑ‡∏°‡πà‡∏ä‡∏≤‡∏£‡∏£‡πå‡∏à‡∏£‡∏ñ‡πÉ‡∏´‡πâ ‡∏ï‡πâ‡∏≠‡∏á‡∏ô‡∏±‡πà‡∏á‡∏£‡∏≠10‡∏ô‡∏≤‡∏ó‡∏µ ‡πÑ‡∏°‡πà‡∏°‡∏µ‡∏Ñ‡∏ô‡πÉ‡∏´‡πâ‡∏ö‡∏£‡∏¥‡∏Å‡∏≤‡∏£ ‡πÄ‡∏Ç‡πâ‡∏≤‡∏®‡∏π‡∏ô‡∏¢‡πå‡∏ö‡∏£‡∏¥‡∏Å‡∏≤‡∏£‡∏Ñ‡∏£‡∏±‡πâ‡∏á‡πÅ‡∏£‡∏Å‡∏Å‡πá‡∏£‡∏π‡πâ‡∏™‡∏∂‡∏Å‡πÅ‡∏¢‡πà‡∏°‡∏≤‡∏Å‡∏Ñ‡πà‡∏∞ ‡∏≠‡∏¢‡∏≤‡∏Å‡πÉ‡∏´‡πâ‡∏ä‡πà‡∏ß‡∏¢‡∏î‡∏π‡πÄ‡∏£‡∏∑‡πà‡∏≠‡∏á‡∏Å‡∏≤‡∏£‡∏ö‡∏£‡∏¥‡∏Å‡∏≤‡∏£‡∏Ç‡∏≠‡∏á‡∏•‡∏π‡∏Å‡∏Ñ‡πâ‡∏≤‡∏´‡∏•‡∏±‡∏á‡∏Å‡∏≤‡∏£‡∏Ç‡∏≤‡∏¢‡∏î‡πâ‡∏ß‡∏¢‡∏Ñ‡πà‡∏∞ ‡πÄ‡∏û‡∏£‡∏≤‡∏∞‡∏£‡∏ñ‡∏Ç‡∏≠‡∏á‡∏Ñ‡∏£‡∏≠‡∏ö‡∏Ñ‡∏£‡∏±‡∏ß‡∏Å‡πá‡πÄ‡∏à‡∏≠‡πÄ‡∏£‡∏∑‡πà‡∏≠‡∏á‡∏ö‡∏£‡∏¥‡∏Å‡∏≤‡∏£‡∏´‡∏•‡∏±‡∏á‡∏Å‡∏≤‡∏£‡∏Ç‡∏≤‡∏¢‡πÄ‡∏´‡∏°‡∏∑‡∏≠‡∏ô‡∏Å‡∏±‡∏ô 
‡∏™‡∏≥‡∏´‡∏£‡∏±‡∏ö‡∏ï‡∏±‡∏ß‡∏£‡∏ñ‡∏î‡∏µ‡∏Ñ‡πà‡∏∞‡∏û‡∏£‡πâ‡∏≠‡∏°‡πÅ‡∏ô‡∏∞‡∏ô‡∏≥‡πÄ‡∏û‡∏∑‡πà‡∏≠‡∏ô‡∏Ñ‡πà‡∏∞ ‡πÅ‡∏ï‡πà‡∏™‡∏≥‡∏´‡∏£‡∏±‡∏ö‡∏ö‡∏£‡∏¥‡∏Å‡∏≤‡∏£‡∏´‡∏•‡∏±‡∏á‡∏Å‡∏≤‡∏£‡∏Ç‡∏≤‡∏¢‡πÑ‡∏°‡πà‡πÅ‡∏ô‡∏∞‡∏ô‡∏≥ ‡∏≠‡∏¢‡∏≤‡∏Å‡πÉ‡∏´‡πâ‡∏õ‡∏£‡∏±‡∏ö‡∏õ‡∏£‡∏∏‡∏á‡∏î‡πâ‡∏≤‡∏ô‡∏ö‡∏ô‡∏¥‡∏Å‡∏≤‡∏£‡∏Ç‡∏≠‡∏á‡∏û‡∏ô‡∏±‡∏Å‡∏á‡∏≤‡∏ô‡∏Ñ‡πà‡∏∞",3
91,‡∏≠‡∏¢‡∏≤‡∏Å‡πÉ‡∏´‡πâ‡∏õ‡∏£‡∏±‡∏ö‡∏õ‡∏£‡∏∏‡∏á‡πÄ‡∏Å‡∏µ‡πà‡∏¢‡∏ß‡∏Å‡∏±‡∏ö‡∏Å‡∏≤‡∏£‡∏î‡∏π‡πÅ‡∏•‡∏•‡∏π‡∏Å‡∏Ñ‡πâ‡∏≤‡πÉ‡∏ô‡∏Å‡∏≤‡∏£‡∏ö‡∏£‡∏¥‡∏Å‡∏≤‡∏£ ‡πÇ‡∏ó‡∏£‡∏ï‡∏¥‡∏î‡∏ï‡πà‡∏≠‡∏Å‡∏±‡∏ö‡∏•‡∏π‡∏Å‡∏Ñ‡πâ‡∏≤‡πÉ‡∏´‡πâ‡∏°‡∏µ‡∏Ñ‡∏ß‡∏≤‡∏°‡πÉ‡∏™‡πà‡πÉ‡∏à‡πÅ‡∏•‡∏∞‡∏£‡∏±‡∏ö‡∏ú‡∏¥‡∏î‡∏ä‡∏≠‡∏ö‡πÉ‡∏ô‡∏Å‡∏≤‡∏£‡∏ï‡∏¥‡∏î‡∏ï‡∏≤‡∏°‡∏•‡∏π‡∏Å‡∏Ñ‡πâ‡∏≤‡∏ó‡∏µ‡πà‡πÉ‡∏ä‡πâ‡∏ö‡∏£‡∏¥‡∏Å‡∏≤‡∏£ ‡πÉ‡∏™‡πà‡πÉ‡∏à‡πÉ‡∏´‡πâ‡∏°‡∏≤‡∏Å‡∏Å‡∏ß‡πà‡∏≤‡∏ô‡∏µ‡πâ ‡∏ï‡∏¥‡∏î‡∏ï‡∏≤‡∏°‡∏•‡∏π‡∏Å‡∏Ñ‡πâ‡∏≤‡πÉ‡∏´‡πâ‡∏°‡∏≤‡∏Å‡∏Ç‡∏∂‡πâ‡∏ô ‡πÄ‡∏û‡∏∑‡πà‡∏≠‡πÑ‡∏°‡πà‡πÉ‡∏´‡πâ‡∏•‡∏π‡∏Å‡∏Ñ‡πâ‡∏≤‡∏Å‡∏±‡∏á‡∏ß‡∏•‡∏Å‡∏±‡∏ö‡∏™‡∏¥‡πà‡∏á‡∏ó‡∏µ‡πà‡∏•‡∏π‡∏Å‡∏Ñ‡πâ‡∏≤‡∏ï‡πâ‡∏≠‡∏á‡∏Å‡∏≤‡∏£ ‡∏≠‡∏¢‡∏≤‡∏Å‡πÉ‡∏´‡πâ‡∏ï‡∏¥‡∏î‡∏ï‡πà‡∏≠‡∏Å‡∏•‡∏±‡∏ö‡∏´‡∏≤‡∏•‡∏π‡∏Å‡∏Ñ‡πâ‡∏≤‡∏ö‡πà‡∏≠‡∏¢‡πÜ,2
92,‡πÄ‡∏Ç‡πâ‡∏≤‡∏£‡∏±‡∏ö‡∏ö‡∏£‡∏¥‡∏Å‡∏≤‡∏£‡∏£‡∏≠‡∏ö‡∏ô‡∏µ‡πâ ‡∏õ‡∏£‡∏∞‡∏ó‡∏±‡∏ö‡πÉ‡∏à‡∏ô‡πâ‡∏≠‡∏á‡∏ó‡∏µ‡πà‡∏ä‡∏∑‡πà‡∏≠..‡∏Å‡∏±‡∏ô‡∏¢‡∏≤!!‡∏ô‡πâ‡∏≠‡∏á‡πÇ‡∏ó‡∏£!‡∏°‡∏≤‡πÅ‡∏à‡πâ‡∏á‡∏£‡∏≤‡∏¢‡∏•‡∏∞‡πÄ‡∏≠‡∏µ‡∏¢‡∏î‡∏ó‡∏∏‡∏Å‡∏ß‡∏±‡∏ô‡∏ß‡πà‡∏≤ ‡∏£‡∏ñ‡πÄ‡∏õ‡πá‡∏ô‡∏≠‡∏∞‡πÑ‡∏£ ‡∏¢‡∏±‡∏á‡∏á‡∏±‡∏¢ ‡∏ä‡∏µ‡πâ‡πÅ‡∏à‡∏á‡∏ï‡∏•‡∏≠‡∏î‡∏Ñ‡∏∞!!‡∏£‡∏π‡πâ‡∏™‡∏∂‡∏Å‡πÉ‡∏™‡πà‡πÉ‡∏à‡∏î‡∏µ‡∏°‡∏≤‡∏Å‡πÜ‡∏Ñ‡∏∞,2
93,‡πÄ‡∏à‡πâ‡∏≤‡∏´‡∏ô‡πâ‡∏≤‡∏ó‡∏µ‡πà‡∏ó‡∏µ‡πà Barcelona Motor ‡∏î‡∏π‡πÅ‡∏•‡∏•‡∏π‡∏Å‡∏Ñ‡πâ‡∏≤‡∏î‡∏µ‡∏°‡∏≤‡∏Å ‡πÄ‡∏™‡∏°‡∏≠‡πÄ‡∏•‡∏¢ ‡∏™‡∏∏‡∏†‡∏≤‡∏û ‡πÄ‡∏Ç‡πâ‡∏≤‡πÉ‡∏à‡∏á‡∏≤‡∏ô ‡∏ó‡∏≥‡∏á‡∏≤‡∏ô‡πÑ‡∏ß ‡∏£‡∏ñ‡πÄ‡∏Ç‡πâ‡∏≤‡πÄ‡∏ä‡πá‡∏Ñ 11 ‡πÇ‡∏°‡∏á ‡∏ö‡πà‡∏≤‡∏¢ 3 ‡∏Å‡πá‡πÅ‡∏à‡πâ‡∏á‡∏ß‡πà‡∏≤‡πÄ‡∏™‡∏£‡πá‡∏à‡πÅ‡∏•‡πâ‡∏ß ‡∏£‡∏ñ‡∏™‡∏∞‡∏≠‡∏≤‡∏î‡∏î‡πâ‡∏ß‡∏¢ ‡πÄ‡∏¢‡∏µ‡πà‡∏¢‡∏° + ‡∏Ñ‡∏∏‡∏ì‡πÅ‡∏°‡∏ó‡∏ò‡∏¥‡∏ß‡∏î‡∏π‡πÅ‡∏•‡∏•‡∏π‡∏Å‡∏Ñ‡πâ‡∏≤‡∏î‡∏µ‡∏°‡∏≤‡∏Å‡πÄ‡∏´‡∏°‡∏∑‡∏≠‡∏ô‡∏õ‡∏µ‡∏ó‡∏µ‡πà‡πÅ‡∏•‡πâ‡∏ß‡πÄ‡∏•‡∏¢ ‡∏à‡∏±‡∏î‡∏Å‡∏≤‡∏£‡πÉ‡∏´‡πâ‡∏Ñ‡∏£‡∏ö‡∏ó‡∏∏‡∏Å‡πÄ‡∏ä‡πá‡∏Ñ‡∏•‡∏¥‡∏™‡∏ó‡πå ‡∏£‡∏ß‡∏°‡∏ñ‡∏∂‡∏á‡∏õ‡∏±‡∏ç‡∏´‡∏≤‡∏Å‡∏£‡∏∞‡∏à‡∏Å‡∏°‡∏≠‡∏á‡∏Ç‡πâ‡∏≤‡∏á‡∏î‡πâ‡∏ß‡∏¢  + ‡∏ó‡∏µ‡πà‡∏ô‡∏µ‡πà‡∏°‡∏µ‡πÄ‡∏Ñ‡∏£‡∏∑‡πà‡∏≠‡∏á‡∏î‡∏∑‡πà‡∏°‡∏≠‡∏≤‡∏´‡∏≤‡∏£‡∏Ñ‡∏£‡∏ö‡∏ñ‡πâ‡∏ß‡∏ô‡∏°‡∏≤‡∏Å ‡∏î‡∏µ‡πÄ‡∏¢‡∏µ‡πà‡∏¢‡∏°,3
94,‡πÄ‡∏à‡πâ‡∏≤‡∏´‡∏ô‡πâ‡∏≤‡∏ó‡∏µ‡πà‡∏ù‡πà‡∏≤‡∏¢‡∏ö‡∏£‡∏¥‡∏Å‡∏≤‡∏£‡∏•‡πà‡∏≤‡∏ä‡πâ‡∏≤‡πÉ‡∏ô‡∏Å‡∏≤‡∏£feedback ‡∏á‡∏≤‡∏ô‡∏ö‡∏£‡∏¥‡∏Å‡∏≤‡∏£ ‡∏ï‡∏¥‡∏î‡∏ï‡πà‡∏≠‡∏¢‡∏≤‡∏Å‡πÑ‡∏°‡πà‡∏£‡∏±‡∏ö‡∏™‡∏≤‡∏¢ ‡∏ï‡∏≠‡∏ö‡∏Å‡∏•‡∏±‡∏ö‡∏•‡πà‡∏≤‡∏ä‡πâ‡∏≤‡πÄ‡∏Å‡∏¥‡∏ô3-4‡∏ä‡∏±‡πà‡∏ß‡πÇ‡∏°‡∏á‡∏Ç‡∏∂‡πâ‡∏ô‡πÑ‡∏õ ‡∏á‡∏≤‡∏ô‡∏ö‡∏£‡∏¥‡∏Å‡∏≤‡∏£‡∏°‡∏Ñ‡∏ß‡∏£‡∏ï‡∏≠‡∏ö‡∏Å‡∏•‡∏±‡∏ö‡πÇ‡∏î‡∏¢‡πÄ‡∏£‡πá‡∏ß‡πÑ‡∏°‡πà‡∏Ñ‡∏ß‡∏£‡∏ó‡∏¥‡πâ‡∏á‡πÄ‡∏Å‡∏¥‡∏ô 1-2‡∏ä‡∏±‡πà‡∏ß‡πÇ‡∏°‡∏á ‡πÅ‡∏°‡πâ‡∏à‡∏∞‡∏¢‡∏±‡∏á‡πÑ‡∏°‡πà‡∏ó‡∏£‡∏≤‡∏ö‡∏õ‡∏±‡∏ç‡∏´‡∏≤ ‡πÄ‡∏û‡∏∑‡πà‡∏≠‡πÉ‡∏´‡πâ‡∏•‡∏π‡∏Å‡∏Ñ‡πâ‡∏≤‡πÑ‡∏î‡πâ‡∏ó‡∏£‡∏≤‡∏ö‡πÄ‡∏Å‡∏µ‡πà‡∏¢‡∏ß‡∏Å‡∏±‡∏ö‡∏Ñ‡∏ß‡∏≤‡∏°‡∏Ñ‡∏∑‡∏ö‡∏´‡∏ô‡πâ‡∏≤‡∏á‡∏≤‡∏ô‡∏ó‡∏µ‡πà‡∏£‡∏±‡∏ö‡∏ú‡∏¥‡∏î‡∏ä‡∏≠‡∏ö‡∏î‡∏π‡πÅ‡∏•,3
95,‡πÄ‡∏à‡πâ‡∏≤‡∏´‡∏ô‡πâ‡∏≤‡∏ó‡∏µ‡πà‡πÉ‡∏´‡πâ‡∏ö‡∏£‡∏¥‡∏Å‡∏≤‡∏£‡∏î‡∏µ ‡∏ï‡∏±‡πâ‡∏á‡πÅ‡∏ï‡πà‡∏ú‡∏à‡∏Å.‡∏à‡∏ô‡∏ñ‡∏∂‡∏á‡∏ú‡∏π‡πâ‡∏£‡∏±‡∏ö‡∏ú‡∏¥‡∏î‡∏ä‡∏≠‡∏ö ‡∏û‡∏£‡πâ‡∏≠‡∏°‡∏≠‡∏ò‡∏¥‡∏ö‡∏≤‡∏¢‡∏ä‡∏±‡∏î‡πÄ‡∏à‡∏ô ‡∏Å‡∏£‡∏ì‡∏µ‡∏¢‡∏±‡∏á‡∏°‡∏µ‡∏õ‡∏±‡∏ç‡∏´‡∏≤‡∏Å‡πá‡πÅ‡∏Å‡πâ‡πÑ‡∏Ç‡πÉ‡∏´‡πâ‡∏ó‡∏∏‡∏Å‡∏Ñ‡∏£‡∏±‡πâ‡∏á,3
96,"‡πÄ‡∏à‡πâ‡∏≤‡∏´‡∏ô‡πâ‡∏≤‡∏ó‡∏µ‡πà‡πÉ‡∏´‡πâ‡∏ö‡∏£‡∏¥‡∏Å‡∏≤‡∏£‡∏´‡∏•‡∏±‡∏á‡∏Å‡∏≤‡∏£‡∏Ç‡∏≤‡∏¢ ‡πÅ‡∏ú‡∏ô‡∏Å‡∏ã‡πà‡∏≠‡∏° (‡∏Ñ‡∏∏‡∏ì‡∏ô‡∏±‡∏ó) ‡∏ö‡∏£‡∏¥‡∏Å‡∏≤‡∏£‡∏î‡∏µ‡πÅ‡∏•‡∏∞‡πÉ‡∏´‡πâ‡∏Ñ‡∏≥‡∏õ‡∏£‡∏∂‡∏Å‡∏©‡∏≤‡∏î‡∏µ ‡∏™‡∏≤‡∏°‡∏≤‡∏£‡∏ñ‡∏ï‡∏¥‡∏î‡∏ï‡πà‡∏≠‡πÑ‡∏î‡πâ‡∏ï‡∏•‡∏≠‡∏î‡πÄ‡∏ß‡∏•‡∏≤ 

‡∏´‡∏≤‡∏Å‡∏°‡∏µ‡∏Ñ‡∏ô‡∏£‡∏π‡πâ‡∏à‡∏±‡∏Å‡∏ï‡πâ‡∏≠‡∏á‡∏Å‡∏≤‡∏£‡∏ã‡∏∑‡πâ‡∏≠‡∏£‡∏ñ ‡∏´‡∏£‡∏∑‡∏≠ ‡πÄ‡∏Ç‡πâ‡∏≤‡∏£‡∏±‡∏ö‡∏ö‡∏£‡∏¥‡∏Å‡∏≤‡∏£ ‡∏à‡∏∞‡πÅ‡∏ô‡∏∞‡∏ô‡∏≥‡∏ó‡∏µ‡πà Nelsons Autohaus",2
97,‡πÄ‡∏ã‡∏• ‡∏ï‡∏≤‡∏°‡∏á‡∏≤‡∏ô‡∏î‡∏µ‡∏°‡∏≤‡∏Å ‡πÅ‡∏°‡πâ‡∏Å‡∏£‡∏∞‡∏ó‡∏±‡πà‡∏á‡∏£‡∏ñ‡∏°‡∏µ‡∏õ‡∏±‡∏ç‡∏´‡∏≤‡∏Å‡πá‡∏ï‡∏≤‡∏°‡πÄ‡∏£‡∏∑‡πà‡∏≠‡∏á‡∏ï‡πà‡∏≠‡πÉ‡∏´‡πâ,2
98,‡πÄ‡∏ã‡∏•‡∏•‡πå‡πÑ‡∏°‡πà‡∏°‡∏µ‡∏Ñ‡∏ß‡∏≤‡∏°‡πÄ‡∏õ‡πá‡∏ô‡∏°‡∏∑‡∏≠‡∏≠‡∏≤‡∏ä‡∏µ‡∏û ‡∏Å‡∏≤‡∏£‡∏£‡∏±‡∏ö‡∏£‡∏ñ‡∏£‡∏ß‡∏°‡∏ñ‡∏∂‡∏á‡∏ó‡∏∏‡∏Å‡∏≠‡∏¢‡πà‡∏≤‡∏á‡∏•‡∏π‡∏Å‡∏Ñ‡πâ‡∏≤‡∏ï‡πâ‡∏≠‡∏á‡∏ï‡∏≤‡∏°‡∏ï‡∏•‡∏≠‡∏î ‡πÑ‡∏°‡πà‡πÉ‡∏™‡πà‡πÉ‡∏à ‡∏ã‡∏∑‡πâ‡∏≠‡∏£‡∏ñ‡πÄ‡∏õ‡πá‡∏ô‡∏•‡πâ‡∏≤‡∏ô ‡∏Ç‡∏≤‡∏¢‡∏Ç‡∏≠‡∏á‡πÄ‡∏´‡∏°‡∏∑‡∏≠‡∏ô‡∏Ç‡∏≤‡∏¢‡∏°‡∏≠‡πÑ‡∏ã‡∏Ñ‡πå,3
99,‡πÄ‡∏ã‡∏•‡∏•‡πå‡πÑ‡∏°‡πà‡πÄ‡∏Å‡πà‡∏á‡∏£‡∏ñ‡∏°‡∏¥‡∏ô‡∏¥‡πÄ‡∏õ‡πá‡∏ô‡∏Ñ‡∏ô‡∏Å‡∏•‡∏∏‡πà‡∏°‡∏Ñ‡∏ô‡πÄ‡∏â‡∏û‡∏≤‡∏∞‡∏Ñ‡∏ß‡∏£‡∏≠‡∏ö‡∏£‡∏°‡πÄ‡∏ã‡∏•‡∏•‡πå‡πÉ‡∏´‡πâ‡∏î‡∏µ‡∏Å‡∏ß‡πà‡∏≤‡∏ô‡∏µ‡πâ‡πÑ‡∏°‡πà‡πÉ‡∏ä‡πà‡∏Ç‡∏≤‡∏¢‡∏≠‡∏¢‡πà‡∏≤‡∏á‡πÄ‡∏î‡∏µ‡∏¢‡∏ß‡πÅ‡∏•‡∏∞‡∏ö‡∏£‡∏¥‡∏Å‡∏≤‡∏£‡∏´‡∏•‡∏±‡∏á‡∏Å‡∏≤‡∏£‡∏Ç‡∏≤‡∏¢‡∏û‡∏ô‡∏±‡∏Å‡∏á‡∏≤‡∏ô‡∏ö‡∏£‡∏¥‡∏Å‡∏≤‡∏£‡∏Å‡πá‡∏ö‡∏£‡∏¥‡∏Å‡∏≤‡∏£‡πÑ‡∏°‡πà‡∏î‡∏µ‡πÄ‡∏ó‡πà‡∏≤‡πÑ‡∏´‡∏£‡πà‡∏ñ‡∏≤‡∏°‡∏Ç‡πâ‡∏≠‡∏°‡∏π‡∏•‡πÑ‡∏õ‡πÑ‡∏°‡πà‡∏™‡∏ô‡πÉ‡∏à‚Ä¶‡πÅ‡∏•‡∏∞‡πÄ‡∏ß‡∏•‡∏≤‡∏Å‡∏≤‡∏£‡πÄ‡∏Ç‡πâ‡∏≤‡∏ö‡∏£‡∏¥‡∏Å‡∏≤‡∏£‡∏Å‡πá‡∏à‡∏∞‡∏ö‡∏ß‡∏Å‡πÑ‡∏õ‡πÄ‡∏£‡∏∑‡πà‡∏≠‡∏¢‡πÜ‡πÄ‡∏´‡∏°‡∏∑‡∏≠‡∏ô‡∏£‡∏±‡∏ö‡∏£‡∏ñ‡∏°‡∏≤‡∏ó‡∏±‡∏ö‡πÜ‡∏Å‡∏±‡∏ô‡∏ó‡∏±‡πâ‡∏á‡πÜ‡∏ó‡∏µ‡πà‡∏ô‡∏±‡∏î‡πÑ‡∏ß‡πâ‡πÅ‡∏•‡πâ‡∏ß,2
100,‡πÄ‡∏õ‡πá‡∏ô‡∏ä‡πà‡∏≤‡∏á‡∏ó‡∏µ‡πà‡πÑ‡∏°‡πà‡πÑ‡∏î‡πâ ‡∏ó‡∏≥‡∏ô‡∏±‡∏î‡πÑ‡∏ß‡πâ ‡πÄ‡πÄ‡∏ï‡πà ‡∏¢‡∏±‡∏á ‡∏¢‡∏≠‡∏° ‡∏£‡∏±‡∏ö‡∏£‡∏ñ ‡πÑ‡∏õ ‡∏ó‡∏≥‡πÉ‡∏´‡πâ‡∏à‡∏ô‡πÄ‡∏£‡∏µ‡∏¢‡∏ö‡∏£‡πâ‡∏≠‡∏¢  ‡πÄ‡∏£‡∏∑‡πà‡∏≠‡∏á‡∏à‡∏≤‡∏Å‡∏ä‡πà‡∏≤‡∏á‡∏ó‡∏µ‡πà‡∏à‡∏≠‡∏á‡∏ô‡∏±‡∏î‡πÑ‡∏ß‡πâ ‡πÉ‡∏ô‡∏ß‡∏±‡∏ô‡∏ô‡∏±‡πâ‡∏ô‡∏•‡∏≤ ‡∏ô‡∏≥‡∏£‡∏ñ‡πÄ‡∏Ç‡πâ‡∏≤‡πÑ‡∏õ 10‡∏ô ‡∏Å‡πà‡∏≠‡∏ô‡πÄ‡∏ß‡∏•‡∏≤ ‡∏ô‡∏±‡∏î ‡πÄ‡πÄ‡∏ï‡πà ‡∏û‡∏ô‡∏á.‡∏ï‡πâ‡∏≠‡∏ô‡∏£‡∏±‡∏ö ‡πÑ‡∏°‡πà‡πÄ‡πÄ‡∏à‡πâ‡∏á ‡∏ß‡πà‡∏≤ ‡∏ä‡πà‡∏≤‡∏á‡∏ó‡∏µ‡πà‡∏ô‡∏±‡∏î‡πÑ‡∏ß‡πâ ‡∏•‡∏≤ ‡∏£‡∏≠ ‡∏à‡∏ô 1‡∏ä‡∏° ‡∏ú‡πà‡∏≤‡∏ô‡πÑ‡∏õ ‡∏à‡∏∂‡∏á‡πÑ‡∏õ‡∏ñ‡∏≤‡∏° ‡∏ñ‡∏∂‡∏á‡∏à‡∏∞‡∏ó‡∏£‡∏≤‡∏ö ‡∏´‡∏•‡∏±‡∏á‡∏à‡∏≤‡∏Å‡∏ô‡∏±‡πâ‡∏ô ‡∏ï‡πâ‡∏≠‡∏á‡∏£‡∏≠‡πÑ‡∏õ ‡∏≠‡∏µ‡∏Å ‡∏à‡∏ô ‡∏ö‡πà‡∏≤‡∏¢‡πÇ‡∏°‡∏á ‡∏ñ‡∏∂‡∏á‡∏à‡∏∞‡πÑ‡∏î‡πâ ‡∏Ñ‡∏¥‡∏ß ‡∏£‡∏ñ‡πÄ‡∏Ç‡πâ‡∏≤ ‡∏£‡∏±‡∏ö‡∏ö‡∏£‡∏¥‡∏Å‡∏≤‡∏£ ‡∏Ñ‡πà‡∏∞ ‡∏à‡∏ô‡∏™‡∏∏‡∏î‡∏ó‡πâ‡∏≤‡∏¢ ‡πÑ‡∏î‡πâ‡∏£‡∏† ‡∏£‡∏≤‡∏ß 15:30‡∏ô  ‡∏Å‡∏≤‡∏£‡∏ó‡∏≥‡∏ô‡∏±‡∏î‡πÑ‡∏õ ‡∏ö‡πà‡∏ß‡∏á‡∏´‡∏ô‡πâ‡∏≤‡πÑ‡∏°‡πà‡πÄ‡∏Å‡∏¥‡∏î‡∏õ‡∏£‡∏∞‡πÇ‡∏¢‡∏ä‡∏ô‡πå‡πÄ‡∏•‡∏¢ ‡∏´‡∏≤‡∏Å ‡∏ñ‡∏∂‡∏á ‡∏ì ‡∏ß‡∏±‡∏ô ‡πÄ‡∏Ç‡πâ‡∏≤‡∏®‡∏π‡∏ô‡∏¢‡πå‡πÄ‡πÄ‡∏•‡πâ‡∏ß‡∏ä‡πà‡∏≤‡∏á‡∏•‡∏≤ ‡∏Ñ‡∏∑‡∏≠ ‡πÄ‡∏£‡∏≤‡∏ï‡πâ‡∏≠‡∏á‡πÑ‡∏õ‡∏ï‡πà‡∏≠ ‡∏ó‡πâ‡∏≤‡∏¢‡πÄ‡πÄ‡∏ö‡∏ö ‡πÑ‡∏°‡πà ‡∏ó‡∏£‡∏≤‡∏ö‡∏≠‡∏∞‡πÑ‡∏£ ‡∏ñ‡πâ‡∏≤‡πÑ‡∏°‡πà‡πÑ‡∏î‡πâ‡πÑ‡∏õ ‡∏™‡∏≠‡∏ö‡∏ñ‡∏≤‡∏°  ‡∏û‡∏ô‡∏á ‡∏ï‡πâ‡∏≠‡∏ô‡∏£‡∏±‡∏ö‡πÄ‡∏≠‡∏á  ‡∏Ñ‡πà‡∏∞ ‡∏≠‡∏¢‡∏≤‡∏Å‡πÉ‡∏´‡πâ‡∏õ‡∏£‡∏±‡∏ö‡∏õ‡∏£‡∏∏‡∏á ‡πÉ‡∏ô‡∏™‡πà‡∏ß‡∏ô‡∏ô‡∏µ‡πâ ‡∏Ñ‡πà‡∏∞,3
101,‡πÄ‡∏õ‡πá‡∏ô‡∏£‡∏ñ‡∏ó‡∏µ‡πà‡∏î‡∏µ‡∏Ñ‡πà‡∏∞ ‡πÄ‡∏õ‡πá‡∏ô‡∏£‡∏ñ‡πÄ‡∏•‡πá‡∏Å‡∏ó‡∏µ‡πà‡πÅ‡∏Ç‡πá‡∏á‡πÅ‡∏£‡∏á‡∏õ‡∏•‡∏≠‡∏î‡∏†‡∏±‡∏¢ ‡∏´‡∏ô‡πâ‡∏≤‡∏ï‡∏≤‡∏ô‡πà‡∏≤‡∏£‡∏±‡∏Å‡∏Ñ‡∏•‡∏≤‡∏™‡∏™‡∏¥‡∏Ñ‡πÑ‡∏°‡πà‡∏ï‡∏Å‡∏£‡∏∏‡πà‡∏ô ‡πÅ‡∏ï‡πà‡∏î‡πâ‡∏ß‡∏¢‡∏Ñ‡∏ß‡∏≤‡∏°‡∏ó‡∏µ‡πà‡πÄ‡∏õ‡πá‡∏ô 2 ‡∏õ‡∏£‡∏∞‡∏ï‡∏π ‡πÉ‡∏ä‡πâ‡∏á‡∏≤‡∏ô‡∏à‡∏£‡∏¥‡∏á‡πÅ‡∏•‡πâ‡∏ß‡πÅ‡∏≠‡∏ö‡∏•‡∏≥‡∏ö‡∏≤‡∏Å‡∏°‡∏≤‡∏Å ‡πÑ‡∏°‡πà‡πÄ‡∏´‡∏°‡∏≤‡∏∞‡∏Å‡∏±‡∏ö‡∏Ñ‡∏ô‡πÄ‡∏û‡∏∑‡πà‡∏≠‡∏ô‡πÄ‡∏¢‡∏≠‡∏∞‡∏´‡∏£‡∏∑‡∏≠‡∏°‡∏µ‡∏Ñ‡∏£‡∏≠‡∏ö‡∏Ñ‡∏£‡∏±‡∏ß ‡πÄ‡∏•‡πá‡∏Å‡πÑ‡∏õ‡∏°‡∏≤‡∏Å‡∏ó‡∏±‡πâ‡∏á‡∏ó‡∏µ‡πà‡∏ô‡∏±‡πà‡∏á‡∏î‡πâ‡∏≤‡∏ô‡∏´‡∏•‡∏±‡∏á‡πÅ‡∏•‡∏∞ trunk ‡πÄ‡∏Å‡πá‡∏ö‡∏≠‡∏∞‡πÑ‡∏£‡πÑ‡∏°‡πà‡∏û‡∏≠‡πÄ‡∏•‡∏¢ ‡∏ä‡πà‡∏ß‡∏á‡∏•‡πà‡∏≤‡∏á‡πÑ‡∏°‡πà‡∏ô‡∏∏‡πà‡∏°‡πÄ‡∏°‡∏∑‡πà‡∏≠‡πÄ‡∏ó‡∏µ‡∏¢‡∏ö‡∏Å‡∏±‡∏ö‡∏£‡∏ñ‡∏¢‡∏∏‡πÇ‡∏£‡∏õ‡∏≠‡∏∑‡πà‡∏ô‡πÜ ‡∏û‡∏≠‡πÄ‡∏à‡∏≠‡∏ñ‡∏ô‡∏ô‡πÄ‡∏°‡∏∑‡∏≠‡∏á‡πÑ‡∏ó‡∏¢‡πÑ‡∏õ‡∏Å‡∏£‡∏∞‡πÅ‡∏ó‡∏Å‡∏ï‡∏•‡∏≠‡∏î‡∏ó‡∏≤‡∏á‡∏≠‡∏¢‡πà‡∏≤‡∏´‡∏ß‡∏±‡∏á‡πÑ‡∏î‡πâ‡∏ô‡∏≠‡∏ô ‡πÄ‡∏ö‡∏≤‡∏∞‡∏ô‡∏±‡πà‡∏á‡πÑ‡∏°‡πà‡∏™‡∏ö‡∏≤‡∏¢ ‡∏Å‡∏•‡∏¥‡πà‡∏ô‡πÄ‡∏Ç‡πâ‡∏≤ ‡∏ü‡∏±‡∏á‡∏Å‡πå‡∏ä‡∏±‡∏ô‡∏´‡∏•‡∏≤‡∏¢‡πÜ‡∏≠‡∏¢‡πà‡∏≤‡∏á‡πÉ‡∏ô‡∏£‡∏ñ‡πÄ‡∏ô‡πâ‡∏ô‡∏Ñ‡∏•‡∏≤‡∏™‡∏™‡∏¥‡∏Ñ‡πÅ‡∏ï‡πà‡πÑ‡∏°‡πà‡∏ó‡∏±‡∏ô‡∏™‡∏°‡∏±‡∏¢,3
102,‡πÄ‡∏õ‡πá‡∏ô‡∏£‡∏ñ‡∏ó‡∏µ‡πà‡πÅ‡∏û‡∏á‡πÅ‡∏ï‡πà‡∏î‡∏µ‡πÉ‡∏ô‡∏ó‡∏∏‡∏Å‡∏™‡πà‡∏ß‡∏ô ‡∏®‡∏π‡∏ô‡∏¢‡πå‡∏ö‡∏£‡∏¥‡∏Å‡∏≤‡∏£‡∏Å‡πá‡∏ï‡πâ‡∏≠‡∏ô‡∏£‡∏±‡∏ö‡∏î‡∏µ ‡∏™‡∏ô‡πÉ‡∏à‡∏•‡∏π‡∏Å‡∏Ñ‡πâ‡∏≤‡∏î‡∏µ  ‡∏ä‡πà‡∏≤‡∏á‡∏Å‡πá‡πÉ‡∏´‡πâ‡∏Ñ‡∏≥‡πÅ‡∏ô‡∏∞‡∏ô‡∏≥‡∏ó‡∏µ‡πà‡∏î‡∏µ‡∏ó‡∏∏‡∏Å‡∏Ñ‡∏£‡∏±‡πâ‡∏á‡∏ó‡∏µ‡πà‡∏°‡∏µ‡∏õ‡∏±‡∏ç‡∏´‡∏≤‡∏ß‡πà‡∏≤‡∏Ñ‡∏ß‡∏£‡∏à‡∏∞‡∏≠‡∏∞‡πÑ‡∏£‡∏¢‡∏±‡∏á‡∏á‡∏±‡∏¢ ‡πÇ‡∏î‡∏¢‡πÄ‡∏â‡∏û‡∏≤‡∏∞‡∏ô‡πâ‡∏≠‡∏á‡∏ó‡∏µ‡πà‡∏î‡∏π‡πÅ‡∏•‡∏õ‡∏£‡∏∞‡∏à‡∏≥ ‡∏î‡∏µ‡πÑ‡∏õ‡∏´‡∏°‡∏î‡∏ó‡∏∏‡∏Å‡∏≠‡∏¢‡πà‡∏≤‡∏á‡πÅ‡∏´‡∏•‡∏∞ ‡∏£‡∏±‡∏Å‡πÅ‡∏´‡∏•‡∏∞ üòÄüß°üòÄ,2
103,"‡πÄ‡∏û‡∏£‡∏≤‡∏∞‡πÉ‡∏ä‡πâ‡∏ö‡∏£‡∏¥‡∏Å‡∏≤‡∏£‡∏°‡∏≤‡∏ô‡∏≤‡∏ô‡∏°‡∏≤‡∏Å‡∏ï‡∏±‡πâ‡∏á‡πÅ‡∏ï‡πà‡∏≠‡∏≠‡∏Å‡∏£‡∏ñ‡∏Å‡∏±‡∏ö‡∏®‡∏π‡∏ô‡∏¢‡πå 
‡πÅ‡∏•‡∏∞‡∏Ñ‡∏¥‡∏î‡∏ß‡πà‡∏≤‡∏Ñ‡πà‡∏≤‡∏≠‡∏∞‡πÑ‡∏´‡∏•‡πà‡πÅ‡∏•‡∏∞‡∏ö‡∏£‡∏¥‡∏Å‡∏≤‡∏£‡πÄ‡∏´‡∏°‡∏≤‡∏∞‡∏™‡∏°",2
104,"‡πÅ‡∏Å‡πâ‡∏õ‡∏±‡∏ç‡∏´‡∏≤‡∏Ç‡∏≠‡∏á‡∏ï‡∏±‡∏ß‡∏£‡∏ñ‡πÑ‡∏î‡πâ‡∏Ñ‡∏£‡∏ö‡∏ñ‡πâ‡∏ß‡∏ô‡πÄ‡∏£‡∏µ‡∏¢‡∏ö‡∏£‡πâ‡∏≠‡∏¢‡∏î‡∏µ
‡πÑ‡∏î‡πâ‡∏£‡∏±‡∏ö‡∏Å‡∏≤‡∏£‡∏î‡∏π‡πÅ‡∏•‡∏ó‡∏µ‡πà‡∏î‡∏µ‡∏ï‡∏±‡πâ‡∏á‡πÅ‡∏ï‡πà‡πÄ‡∏£‡∏¥‡πà‡∏°‡∏ï‡∏±‡∏î‡∏™‡∏¥‡∏ô‡πÉ‡∏à‡∏≠‡∏≠‡∏Å‡∏£‡∏ñ",2
105,‡πÅ‡∏ô‡∏∞‡∏ô‡∏≥‡∏î‡∏µ‡πÉ‡∏ô‡∏Å‡∏≤‡∏£‡πÉ‡∏ä‡πâ‡∏á‡∏≤‡∏ô‡∏ï‡∏±‡∏ß‡∏£‡∏ñ‡πÅ‡∏•‡∏∞‡∏ö‡∏£‡∏¥‡∏Å‡∏≤‡∏£,2
106,‡πÅ‡∏ú‡∏ô‡∏Å ‡∏£‡∏±‡∏ö‡∏£‡∏ñ‡πÄ‡∏ã‡∏≠‡∏£‡πå‡∏ß‡∏¥‡∏™ ‡∏Ñ‡∏∏‡∏ì ‡πÄ‡∏°‡∏¢‡πå ‡∏ö‡∏£‡∏¥‡∏Å‡∏≤‡∏£‡∏õ‡∏£‡∏∞‡∏ó‡∏±‡∏ö‡πÉ‡∏à‡∏°‡∏≤‡∏Å‡πÄ‡∏•‡∏¢‡∏Ñ‡∏£‡∏±‡∏ö,2
107,‡πÇ‡∏î‡∏¢‡∏™‡πà‡∏ß‡∏ô‡∏ï‡∏±‡∏ß‡πÅ‡∏•‡πâ‡∏ß‡∏Ñ‡∏¥‡∏î‡∏ß‡πà‡∏≤ BMW ‡πÄ‡∏õ‡πá‡∏ô‡∏£‡∏ñ‡∏ó‡∏µ‡πà‡∏°‡∏µ‡∏™‡∏°‡∏£‡∏£‡∏ñ‡∏ô‡∏∞‡∏î‡∏µ‡πÄ‡∏£‡∏≤‡∏¢‡∏¥‡πà‡∏á‡πÄ‡∏£‡∏≤‡∏¢‡∏¥‡πà‡∏á‡∏≠‡∏¢‡∏≤‡∏Å‡πÉ‡∏´‡πâ‡πÄ‡∏û‡∏∑‡πà‡∏≠‡∏ô‡πÄ‡∏û‡∏∑‡πà‡∏≠‡∏ô‡∏Ç‡∏≠‡∏á‡πÄ‡∏£‡∏≤‡πÑ‡∏î‡πâ‡πÉ‡∏ä‡πâ,2
108,‡πÇ‡∏ó‡∏£‡∏®‡∏±‡∏û‡∏ó‡πå‡∏ï‡∏¥‡∏î‡∏ï‡πà‡∏≠‡∏ó‡∏≥‡∏ô‡∏±‡∏î ‡πÑ‡∏°‡πà‡∏°‡∏µ‡∏û‡∏ô‡∏±‡∏Å‡∏á‡∏≤‡∏ô‡∏£‡∏±‡∏ö‡∏™‡∏≤‡∏¢ ‡∏£‡∏≠‡∏ô‡∏≤‡∏ô‡∏Å‡∏ß‡πà‡∏≤‡∏à‡∏∞‡∏°‡∏≤‡∏£‡∏±‡∏ö,2
109,‡πÉ‡∏ä‡πâ‡∏á‡∏≤‡∏ô‡πÑ‡∏î‡πâ‡∏î‡∏µ ‡∏°‡∏µ‡∏®‡∏π‡∏ô‡∏¢‡πå‡∏ö‡∏£‡∏¥‡∏Å‡∏≤‡∏£‡∏≠‡∏¢‡∏π‡πà‡πÉ‡∏ô‡∏û‡∏∑‡πâ‡∏ô‡∏ó‡∏µ‡πà,2
110,‡πÉ‡∏ô‡∏ö‡∏£‡∏¥‡∏Å‡∏≤‡∏£‡∏î‡∏µ‡∏°‡∏≤‡∏Å ‡πÅ‡∏•‡∏∞‡πÅ‡∏Å‡πâ‡∏õ‡∏±‡∏ç‡∏´‡∏≤‡∏ó‡∏∏‡∏Å‡∏≠‡∏¢‡πà‡∏≤‡∏á‡πÑ‡∏î‡πâ,2
111,‡πÑ‡∏°‡πà‡∏õ‡∏£‡∏∞‡∏ó‡∏±‡∏ö‡πÉ‡∏à‡∏Å‡∏±‡∏ö‡∏ö‡∏£‡∏¥‡∏Å‡∏≤‡∏£ ‡πÅ‡∏•‡∏∞‡∏Å‡∏≤‡∏£‡∏ï‡∏¥‡∏î‡∏ï‡∏≤‡∏°‡πÅ‡∏Å‡πâ‡πÑ‡∏Ç‡∏õ‡∏±‡∏ç‡∏´‡∏≤‡∏Å‡∏≤‡∏£‡∏î‡∏π‡πÅ‡∏•‡πÅ‡∏Å‡πâ‡πÑ‡∏Ç‡πÄ‡∏™‡∏µ‡∏¢‡∏á‡∏´‡∏≠‡∏ô‡∏Ç‡∏≠‡∏á‡∏ú‡πâ‡∏≤‡πÄ‡∏ö‡∏£‡∏Ñ ‡∏≠‡∏≤‡∏Å‡∏≤‡∏£‡πÄ‡∏õ‡πá‡∏ô‡∏°‡∏≤‡∏´‡∏•‡∏≤‡∏¢‡∏õ‡∏µ ‡πÅ‡∏•‡∏∞‡πÑ‡∏°‡πà‡πÄ‡∏Ñ‡∏¢‡πÅ‡∏Å‡πâ‡πÑ‡∏Ç‡πÉ‡∏´‡πâ‡∏à‡∏ö‡∏õ‡∏±‡∏ç‡∏´‡∏≤,2
112,‡πÑ‡∏°‡πà‡∏•‡πâ‡∏≤‡∏á‡∏ó‡∏≥‡∏Ñ‡∏ß‡∏≤‡∏°‡∏™‡∏∞‡∏≠‡∏≤‡∏î‡∏£‡∏ñ‡∏ï‡∏≠‡∏ô‡∏™‡πà‡∏á‡∏°‡∏≠‡∏ö ‡∏ï‡πâ‡∏≠‡∏á‡∏ï‡∏¥‡∏î‡∏ï‡∏≤‡∏°‡πÇ‡∏ó‡∏£‡∏™‡∏≠‡∏ö‡∏ñ‡∏≤‡∏° ‡πÄ‡∏≠‡∏á ‡∏ß‡πà‡∏≤ ‡∏£‡∏ñ ‡πÄ‡∏™‡∏£‡πá‡∏à‡∏´‡∏£‡∏∑‡∏≠‡∏¢‡∏±‡∏á,2
